

SET SQL_MODE = "NO_AUTO_VALUE_ON_ZERO";
SET AUTOCOMMIT = 0;
START TRANSACTION;
SET time_zone = "+00:00";


/*!40101 SET @OLD_CHARACTER_SET_CLIENT=@@CHARACTER_SET_CLIENT */;
/*!40101 SET @OLD_CHARACTER_SET_RESULTS=@@CHARACTER_SET_RESULTS */;
/*!40101 SET @OLD_COLLATION_CONNECTION=@@COLLATION_CONNECTION */;
/*!40101 SET NAMES utf8mb4 */;

--
-- Database: `im_jintaocms_com`
--

-- --------------------------------------------------------

--
-- 表的结构 `admin`
--

CREATE TABLE `admin` (
  `id` int(11) NOT NULL,
  `username` varchar(100) NOT NULL COMMENT '登录名',
  `password` varchar(100) CHARACTER SET utf8mb4 COLLATE utf8mb4_unicode_ci NOT NULL COMMENT '密码'
) ENGINE=MyISAM DEFAULT CHARSET=utf8 ROW_FORMAT=DYNAMIC;

--
-- 转存表中的数据 `admin`
--

INSERT INTO `admin` (`id`, `username`, `password`) VALUES
(3, 'admin', '1b0dc90489be4c8bfc4da20bf99ca068');

-- --------------------------------------------------------

--
-- 表的结构 `amount`
--

CREATE TABLE `amount` (
  `id` int(11) NOT NULL,
  `type` int(2) NOT NULL COMMENT '账目类型（1增加，2减少）',
  `sub_type` int(2) UNSIGNED DEFAULT NULL COMMENT '1转账，2红包，3群红包，66退款，77提现，88充值',
  `uid` int(10) NOT NULL COMMENT '发送人',
  `to` int(10) NOT NULL COMMENT '接收人',
  `money` decimal(10,2) NOT NULL COMMENT '金额',
  `balance` decimal(10,2) NOT NULL,
  `remarks` text,
  `timestamp` int(11) NOT NULL COMMENT '时间戳',
  `state` int(1) NOT NULL COMMENT '状态（0未领，1退回，9成功）',
  `gp_gid` int(10) NOT NULL DEFAULT '0',
  `gp_money` decimal(6,2) NOT NULL DEFAULT '0.00',
  `gp_number` int(3) NOT NULL DEFAULT '0',
  `gp_uid` int(10) NOT NULL DEFAULT '0',
  `gp_amount_id` int(10) DEFAULT '0',
  `last_timestamp` int(11) NOT NULL DEFAULT '0'
) ENGINE=MyISAM DEFAULT CHARSET=utf8 ROW_FORMAT=COMPACT;

--
-- 转存表中的数据 `amount`
--

INSERT INTO `amount` (`id`, `type`, `sub_type`, `uid`, `to`, `money`, `balance`, `remarks`, `timestamp`, `state`, `gp_gid`, `gp_money`, `gp_number`, `gp_uid`, `gp_amount_id`, `last_timestamp`) VALUES
(12894, 1, 1, 100011, 100011, '99999999.99', '99999999.99', '管理员充值', 0, 9, 0, '0.00', 0, 0, 0, 0),
(12895, 2, 2, 100011, 100008, '200.00', '99999799.99', '发红包给刘诗诗', 1570180178, 9, 0, '0.00', 0, 0, 0, 1570180708),
(12896, 2, 1, 100011, 100008, '500.00', '99999299.99', '转账给刘诗诗', 1570180195, 9, 0, '0.00', 0, 0, 0, 1570180712),
(12897, 2, 3, 100011, 32, '16.14', '99999099.99', '发群红包给群聊(孙俪,奥黛丽赫本,范冰冰)', 1570180309, 0, 0, '200.00', 10, 0, 0, 0),
(12898, 2, 3, 100011, 32, '5.08', '99999099.99', '发群红包给群聊(孙俪,奥黛丽赫本,范冰冰)', 1570180309, 0, 12897, '200.00', 10, 0, 0, 0),
(12899, 2, 3, 100011, 32, '37.99', '99999099.99', '发群红包给群聊(孙俪,奥黛丽赫本,范冰冰)', 1570180309, 0, 12897, '200.00', 10, 0, 0, 0),
(12900, 2, 3, 100011, 32, '7.79', '99999099.99', '发群红包给群聊(孙俪,奥黛丽赫本,范冰冰)', 1570180309, 0, 12897, '200.00', 10, 0, 0, 0),
(12901, 2, 3, 100011, 32, '6.34', '99999099.99', '发群红包给群聊(孙俪,奥黛丽赫本,范冰冰)', 1570180309, 0, 12897, '200.00', 10, 0, 0, 0),
(12902, 2, 3, 100011, 32, '17.19', '99999099.99', '发群红包给群聊(孙俪,奥黛丽赫本,范冰冰)', 1570180309, 0, 12897, '200.00', 10, 0, 0, 0),
(12903, 2, 3, 100011, 32, '3.81', '99999099.99', '发群红包给群聊(孙俪,奥黛丽赫本,范冰冰)', 1570180309, 0, 12897, '200.00', 10, 0, 0, 0),
(12904, 2, 3, 100011, 32, '8.70', '99999099.99', '发群红包给群聊(孙俪,奥黛丽赫本,范冰冰)', 1570180309, 0, 12897, '200.00', 10, 0, 0, 0),
(12905, 2, 3, 100011, 32, '31.27', '99999099.99', '发群红包给群聊(孙俪,奥黛丽赫本,范冰冰)', 1570180309, 9, 12897, '200.00', 10, 100011, 0, 1570181143),
(12906, 2, 3, 100011, 32, '65.69', '99999099.99', '发群红包给群聊(孙俪,奥黛丽赫本,范冰冰)', 1570180309, 9, 12897, '200.00', 10, 100008, 0, 1570181117),
(12907, 1, 2, 100008, 0, '200.00', '200.00', '恭喜发财 大吉大利', 1570180708, 9, 0, '0.00', 0, 0, 12895, 1570180708),
(12908, 1, 1, 100008, 0, '500.00', '700.00', '￥500.00', 1570180712, 9, 0, '0.00', 0, 0, 12896, 1570180712),
(12909, 2, 2, 100011, 100008, '200.00', '99998899.99', '发红包给刘诗诗', 1570180779, 0, 0, '0.00', 0, 0, 0, 1570180779),
(12910, 1, 3, 100008, 0, '65.69', '765.69', '恭喜发财 大吉大利', 1570181117, 9, 0, '0.00', 0, 0, 12897, 1570181117),
(12911, 1, 3, 100011, 0, '31.27', '99998931.26', '恭喜发财 大吉大利', 1570181143, 9, 0, '0.00', 0, 0, 12897, 1570181143),
(12912, 2, 3, 100011, 32, '28.78', '99998731.26', '发群红包给群聊(孙俪,奥黛丽赫本,范冰冰)', 1570181519, 0, 0, '200.00', 10, 0, 0, 0),
(12913, 2, 3, 100011, 32, '32.62', '99998731.26', '发群红包给群聊(孙俪,奥黛丽赫本,范冰冰)', 1570181519, 0, 12912, '200.00', 10, 0, 0, 0),
(12914, 2, 3, 100011, 32, '6.08', '99998731.26', '发群红包给群聊(孙俪,奥黛丽赫本,范冰冰)', 1570181519, 0, 12912, '200.00', 10, 0, 0, 0),
(12915, 2, 3, 100011, 32, '29.45', '99998731.26', '发群红包给群聊(孙俪,奥黛丽赫本,范冰冰)', 1570181519, 0, 12912, '200.00', 10, 0, 0, 0),
(12916, 2, 3, 100011, 32, '8.51', '99998731.26', '发群红包给群聊(孙俪,奥黛丽赫本,范冰冰)', 1570181519, 0, 12912, '200.00', 10, 0, 0, 0),
(12917, 2, 3, 100011, 32, '3.67', '99998731.26', '发群红包给群聊(孙俪,奥黛丽赫本,范冰冰)', 1570181519, 0, 12912, '200.00', 10, 0, 0, 0),
(12918, 2, 3, 100011, 32, '5.50', '99998731.26', '发群红包给群聊(孙俪,奥黛丽赫本,范冰冰)', 1570181519, 0, 12912, '200.00', 10, 0, 0, 0),
(12919, 2, 3, 100011, 32, '5.80', '99998731.26', '发群红包给群聊(孙俪,奥黛丽赫本,范冰冰)', 1570181519, 0, 12912, '200.00', 10, 0, 0, 0),
(12920, 2, 3, 100011, 32, '9.46', '99998731.26', '发群红包给群聊(孙俪,奥黛丽赫本,范冰冰)', 1570181519, 0, 12912, '200.00', 10, 0, 0, 0),
(12921, 2, 3, 100011, 32, '70.13', '99998731.26', '发群红包给群聊(孙俪,奥黛丽赫本,范冰冰)', 1570181519, 9, 12912, '200.00', 10, 100011, 0, 1570181525),
(12922, 1, 3, 100011, 0, '70.13', '99998801.39', '恭喜发财 大吉大利', 1570181525, 9, 0, '0.00', 0, 0, 12912, 1570181525),
(12923, 2, 3, 100011, 32, '8.87', '99998601.39', '发群红包给群聊(孙俪,奥黛丽赫本,范冰冰)', 1570181590, 0, 0, '200.00', 10, 0, 0, 0),
(12924, 2, 3, 100011, 32, '22.15', '99998601.39', '发群红包给群聊(孙俪,奥黛丽赫本,范冰冰)', 1570181590, 0, 12923, '200.00', 10, 0, 0, 0),
(12925, 2, 3, 100011, 32, '7.83', '99998601.39', '发群红包给群聊(孙俪,奥黛丽赫本,范冰冰)', 1570181590, 0, 12923, '200.00', 10, 0, 0, 0),
(12926, 2, 3, 100011, 32, '0.69', '99998601.39', '发群红包给群聊(孙俪,奥黛丽赫本,范冰冰)', 1570181590, 0, 12923, '200.00', 10, 0, 0, 0),
(12927, 2, 3, 100011, 32, '6.25', '99998601.39', '发群红包给群聊(孙俪,奥黛丽赫本,范冰冰)', 1570181590, 0, 12923, '200.00', 10, 0, 0, 0),
(12928, 2, 3, 100011, 32, '21.39', '99998601.39', '发群红包给群聊(孙俪,奥黛丽赫本,范冰冰)', 1570181590, 0, 12923, '200.00', 10, 0, 0, 0),
(12929, 2, 3, 100011, 32, '21.96', '99998601.39', '发群红包给群聊(孙俪,奥黛丽赫本,范冰冰)', 1570181590, 0, 12923, '200.00', 10, 0, 0, 0),
(12930, 2, 3, 100011, 32, '23.74', '99998601.39', '发群红包给群聊(孙俪,奥黛丽赫本,范冰冰)', 1570181590, 0, 12923, '200.00', 10, 0, 0, 0),
(12931, 2, 3, 100011, 32, '36.35', '99998601.39', '发群红包给群聊(孙俪,奥黛丽赫本,范冰冰)', 1570181590, 0, 12923, '200.00', 10, 0, 0, 0),
(12932, 2, 3, 100011, 32, '50.77', '99998601.39', '发群红包给群聊(孙俪,奥黛丽赫本,范冰冰)', 1570181590, 9, 12923, '200.00', 10, 100011, 0, 1570181613),
(12933, 1, 3, 100011, 0, '50.77', '99998652.16', '恭喜发财 大吉大利', 1570181613, 9, 0, '0.00', 0, 0, 12923, 1570181613),
(12934, 2, 3, 100011, 32, '3.57', '99998475.16', '发群红包给群聊(孙俪,奥黛丽赫本,范冰冰)', 1570181643, 0, 0, '177.00', 10, 0, 0, 0),
(12935, 2, 3, 100011, 32, '29.55', '99998475.16', '发群红包给群聊(孙俪,奥黛丽赫本,范冰冰)', 1570181643, 0, 12934, '177.00', 10, 0, 0, 0),
(12936, 2, 3, 100011, 32, '24.57', '99998475.16', '发群红包给群聊(孙俪,奥黛丽赫本,范冰冰)', 1570181643, 0, 12934, '177.00', 10, 0, 0, 0),
(12937, 2, 3, 100011, 32, '1.41', '99998475.16', '发群红包给群聊(孙俪,奥黛丽赫本,范冰冰)', 1570181643, 0, 12934, '177.00', 10, 0, 0, 0),
(12938, 2, 3, 100011, 32, '9.17', '99998475.16', '发群红包给群聊(孙俪,奥黛丽赫本,范冰冰)', 1570181643, 0, 12934, '177.00', 10, 0, 0, 0),
(12939, 2, 3, 100011, 32, '16.28', '99998475.16', '发群红包给群聊(孙俪,奥黛丽赫本,范冰冰)', 1570181643, 0, 12934, '177.00', 10, 0, 0, 0),
(12940, 2, 3, 100011, 32, '8.40', '99998475.16', '发群红包给群聊(孙俪,奥黛丽赫本,范冰冰)', 1570181643, 0, 12934, '177.00', 10, 0, 0, 0),
(12941, 2, 3, 100011, 32, '8.80', '99998475.16', '发群红包给群聊(孙俪,奥黛丽赫本,范冰冰)', 1570181643, 0, 12934, '177.00', 10, 0, 0, 0),
(12942, 2, 3, 100011, 32, '27.29', '99998475.16', '发群红包给群聊(孙俪,奥黛丽赫本,范冰冰)', 1570181643, 0, 12934, '177.00', 10, 0, 0, 0),
(12943, 2, 3, 100011, 32, '47.96', '99998475.16', '发群红包给群聊(孙俪,奥黛丽赫本,范冰冰)', 1570181643, 9, 12934, '177.00', 10, 100011, 0, 1570181657),
(12944, 1, 3, 100011, 0, '47.96', '99998523.12', '恭喜发财 大吉大利', 1570181657, 9, 0, '0.00', 0, 0, 12934, 1570181657),
(12945, 2, 2, 100011, 100008, '111.00', '99998412.12', '发红包给刘诗诗', 1570261755, 0, 0, '0.00', 0, 0, 0, 1570261755),
(12946, 2, 1, 100011, 100008, '1000.00', '99997412.12', '转账给刘诗诗', 1570262647, 0, 0, '0.00', 0, 0, 0, 1570262647),
(12947, 2, 3, 100011, 32, '3.54', '99997301.12', '发群红包给群聊(孙俪,奥黛丽赫本,范冰冰)', 1570262756, 0, 0, '111.00', 10, 0, 0, 0),
(12948, 2, 3, 100011, 32, '5.02', '99997301.12', '发群红包给群聊(孙俪,奥黛丽赫本,范冰冰)', 1570262756, 0, 12947, '111.00', 10, 0, 0, 0),
(12949, 2, 3, 100011, 32, '19.72', '99997301.12', '发群红包给群聊(孙俪,奥黛丽赫本,范冰冰)', 1570262756, 0, 12947, '111.00', 10, 0, 0, 0),
(12950, 2, 3, 100011, 32, '22.06', '99997301.12', '发群红包给群聊(孙俪,奥黛丽赫本,范冰冰)', 1570262756, 0, 12947, '111.00', 10, 0, 0, 0),
(12951, 2, 3, 100011, 32, '0.87', '99997301.12', '发群红包给群聊(孙俪,奥黛丽赫本,范冰冰)', 1570262756, 0, 12947, '111.00', 10, 0, 0, 0),
(12952, 2, 3, 100011, 32, '9.22', '99997301.12', '发群红包给群聊(孙俪,奥黛丽赫本,范冰冰)', 1570262756, 0, 12947, '111.00', 10, 0, 0, 0),
(12953, 2, 3, 100011, 32, '9.75', '99997301.12', '发群红包给群聊(孙俪,奥黛丽赫本,范冰冰)', 1570262756, 0, 12947, '111.00', 10, 0, 0, 0),
(12954, 2, 3, 100011, 32, '3.14', '99997301.12', '发群红包给群聊(孙俪,奥黛丽赫本,范冰冰)', 1570262756, 0, 12947, '111.00', 10, 0, 0, 0),
(12955, 2, 3, 100011, 32, '7.16', '99997301.12', '发群红包给群聊(孙俪,奥黛丽赫本,范冰冰)', 1570262756, 0, 12947, '111.00', 10, 0, 0, 0),
(12956, 2, 3, 100011, 32, '30.52', '99997301.12', '发群红包给群聊(孙俪,奥黛丽赫本,范冰冰)', 1570262756, 9, 12947, '111.00', 10, 100005, 0, 1570528207),
(12957, 2, 3, 100011, 32, '21.92', '99997101.12', '发群红包给群聊(孙俪,奥黛丽赫本,范冰冰)', 1570263455, 0, 0, '200.00', 10, 0, 0, 0),
(12958, 2, 3, 100011, 32, '30.84', '99997101.12', '发群红包给群聊(孙俪,奥黛丽赫本,范冰冰)', 1570263455, 0, 12957, '200.00', 10, 0, 0, 0),
(12959, 2, 3, 100011, 32, '1.35', '99997101.12', '发群红包给群聊(孙俪,奥黛丽赫本,范冰冰)', 1570263455, 0, 12957, '200.00', 10, 0, 0, 0),
(12960, 2, 3, 100011, 32, '5.59', '99997101.12', '发群红包给群聊(孙俪,奥黛丽赫本,范冰冰)', 1570263455, 0, 12957, '200.00', 10, 0, 0, 0),
(12961, 2, 3, 100011, 32, '11.58', '99997101.12', '发群红包给群聊(孙俪,奥黛丽赫本,范冰冰)', 1570263455, 0, 12957, '200.00', 10, 0, 0, 0),
(12962, 2, 3, 100011, 32, '10.34', '99997101.12', '发群红包给群聊(孙俪,奥黛丽赫本,范冰冰)', 1570263455, 0, 12957, '200.00', 10, 0, 0, 0),
(12963, 2, 3, 100011, 32, '9.05', '99997101.12', '发群红包给群聊(孙俪,奥黛丽赫本,范冰冰)', 1570263455, 0, 12957, '200.00', 10, 0, 0, 0),
(12964, 2, 3, 100011, 32, '19.49', '99997101.12', '发群红包给群聊(孙俪,奥黛丽赫本,范冰冰)', 1570263455, 0, 12957, '200.00', 10, 0, 0, 0),
(12965, 2, 3, 100011, 32, '3.58', '99997101.12', '发群红包给群聊(孙俪,奥黛丽赫本,范冰冰)', 1570263455, 0, 12957, '200.00', 10, 0, 0, 0),
(12966, 2, 3, 100011, 32, '86.26', '99997101.12', '发群红包给群聊(孙俪,奥黛丽赫本,范冰冰)', 1570263455, 9, 12957, '200.00', 10, 100011, 0, 1570531013),
(12967, 2, 1, 100011, 100016, '10000.00', '99987101.12', '转账给朱茵', 1570517525, 0, 0, '0.00', 0, 0, 0, 1570517525),
(12968, 2, 2, 100011, 100005, '200.00', '99986901.12', '发红包给范冰冰', 1570517559, 9, 0, '0.00', 0, 0, 0, 1570517567),
(12969, 1, 2, 100005, 0, '200.00', '200.00', '恭喜发财 大吉大利', 1570517567, 9, 0, '0.00', 0, 0, 12968, 1570517567),
(12970, 2, 1, 100011, 100005, '20000.00', '99966901.12', '转账给范冰冰', 1570517568, 9, 0, '0.00', 0, 0, 0, 1570517571),
(12971, 1, 1, 100005, 0, '20000.00', '20200.00', '￥20000.00', 1570517571, 9, 0, '0.00', 0, 0, 12970, 1570517571),
(12972, 1, 3, 100005, 0, '30.52', '20230.52', '恭喜发财 大吉大利', 1570528207, 9, 0, '0.00', 0, 0, 12947, 1570528207),
(12973, 1, 3, 100011, 0, '86.26', '99966987.38', '恭喜发财 大吉大利', 1570531013, 9, 0, '0.00', 0, 0, 12957, 1570531013);

-- --------------------------------------------------------

--
-- 表的结构 `friend`
--

CREATE TABLE `friend` (
  `fid` int(11) NOT NULL,
  `uid` int(11) NOT NULL COMMENT '拥有者id',
  `friend_uid` int(11) NOT NULL COMMENT '好友id',
  `remark` char(255) NOT NULL DEFAULT '' COMMENT '好友备注',
  `state` enum('chatting','hidden') NOT NULL DEFAULT 'hidden' COMMENT '状态 chatting:在会话列表中 hidden:不在会话列表中',
  `last_read_time` int(11) NOT NULL DEFAULT '0' COMMENT '上次读消息的时间',
  `last_mid` int(11) UNSIGNED NOT NULL DEFAULT '0' COMMENT '上一条消息的mid',
  `unread_count` int(11) UNSIGNED NOT NULL DEFAULT '0' COMMENT '未读消息数'
) ENGINE=MyISAM DEFAULT CHARSET=utf8 ROW_FORMAT=FIXED;

--
-- 转存表中的数据 `friend`
--

INSERT INTO `friend` (`fid`, `uid`, `friend_uid`, `remark`, `state`, `last_read_time`, `last_mid`, `unread_count`) VALUES
(1, 100005, 100006, '', 'chatting', 1571298437, 0, 0),
(24, 100007, 100005, '', 'chatting', 1570178644, 2352, 2),
(15, 100005, 100008, '', 'chatting', 1571298449, 0, 0),
(277, 100009, 100005, '', 'chatting', 1571311952, 2565, 0),
(26, 100010, 100005, '', 'chatting', 1570178728, 2076, 1),
(44, 100011, 100005, '', 'chatting', 1570602159, 2419, 0),
(19, 100005, 100012, '', 'chatting', 1570803385, 0, 0),
(20, 100005, 100013, '', 'chatting', 0, 0, 0),
(21, 100005, 100014, '', 'chatting', 1570803563, 0, 0),
(22, 100005, 100015, '', 'chatting', 0, 0, 0),
(23, 100005, 100016, '', 'chatting', 1570589440, 0, 0),
(25, 100005, 100007, '', 'chatting', 1570803480, 2352, 0),
(27, 100005, 100010, '', 'chatting', 1570178728, 2076, 0),
(28, 100010, 100011, '', 'chatting', 1570178775, 2077, 1),
(29, 100011, 100010, '', 'chatting', 1570602299, 2077, 0),
(30, 100006, 100011, '', 'chatting', 1570178889, 2078, 1),
(31, 100011, 100006, '', 'chatting', 1570602301, 2078, 0),
(32, 100011, 100013, '', 'chatting', 1570615780, 2079, 0),
(33, 100013, 100011, '', 'chatting', 1570179045, 2079, 0),
(34, 100015, 100011, '', 'chatting', 1570179144, 2080, 1),
(35, 100011, 100015, '', 'chatting', 1570602333, 2080, 0),
(36, 100014, 100011, '', 'chatting', 1570179148, 2288, 3),
(37, 100011, 100014, '', 'chatting', 1570602293, 2288, 0),
(38, 100012, 100011, '', 'chatting', 1570522458, 2350, 0),
(39, 100011, 100012, '', 'chatting', 1570602189, 2350, 0),
(40, 100009, 100011, '', 'chatting', 1571302799, 2503, 0),
(41, 100011, 100009, '', 'chatting', 1570602296, 2503, 3),
(42, 100008, 100011, '', 'chatting', 1570518979, 2348, 17),
(43, 100011, 100008, '', 'chatting', 1570522400, 2348, 0),
(45, 100005, 100011, '', 'chatting', 1571298445, 2419, 0),
(46, 100007, 100011, '', 'chatting', 1570179290, 2086, 1),
(47, 100011, 100007, '', 'chatting', 1570729035, 2086, 0),
(48, 100016, 100011, '', 'chatting', 1570180417, 2301, 5),
(49, 100011, 100016, '', 'chatting', 1570589265, 2301, 0),
(50, 100018, 100017, '', 'chatting', 1570551008, 2372, 0),
(51, 100017, 100018, '测试', 'chatting', 1570620386, 2372, 0),
(52, 100019, 100017, '', 'chatting', 1570594894, 2386, 0),
(53, 100017, 100019, '', 'chatting', 1570619931, 2386, 0),
(54, 100024, 100005, '', 'chatting', 1570890321, 2433, 0),
(55, 100005, 100024, '', 'chatting', 1571298441, 2433, 0),
(56, 100024, 100027, '', 'chatting', 1570943213, 2435, 0),
(57, 100027, 100024, '', 'chatting', 1570952793, 2435, 0),
(58, 100027, 100029, '', 'chatting', 1570952825, 2450, 3),
(59, 100029, 100027, '', 'chatting', 1571041114, 2450, 0),
(60, 100027, 100028, '', 'chatting', 1570952885, 2447, 1),
(61, 100028, 100027, '', 'chatting', 1570952885, 2447, 0),
(62, 30869, 9118, '', 'chatting', 1571025746, 0, 0),
(63, 9118, 30869, '', 'chatting', 1571025746, 0, 0),
(64, 30869, 21632, '', 'chatting', 1571025907, 0, 0),
(65, 21632, 30869, '', 'chatting', 1571025907, 0, 0),
(66, 19751, 30501, '', 'chatting', 1571026610, 0, 0),
(67, 30501, 19751, '', 'chatting', 1571026610, 0, 0),
(68, 30874, 29495, '', 'chatting', 1571028085, 0, 0),
(69, 29495, 30874, '', 'chatting', 1571028085, 0, 0),
(70, 29877, 30802, '', 'chatting', 1571030107, 0, 0),
(71, 30802, 29877, '', 'chatting', 1571030107, 0, 0),
(72, 11175, 8404, '', 'chatting', 1571030414, 0, 0),
(73, 8404, 11175, '', 'chatting', 1571030414, 0, 0),
(74, 30880, 30813, '', 'chatting', 1571032692, 0, 0),
(75, 30813, 30880, '', 'chatting', 1571032692, 0, 0),
(76, 19206, 30817, '', 'chatting', 1571032816, 0, 0),
(77, 30817, 19206, '', 'chatting', 1571032816, 0, 0),
(78, 30881, 14729, '', 'chatting', 1571032981, 0, 0),
(79, 14729, 30881, '', 'chatting', 1571032981, 0, 0),
(80, 1234567890, 987654321, '', 'chatting', 1571033559, 0, 0),
(81, 987654321, 1234567890, '', 'chatting', 1571033559, 0, 0),
(82, 30880, 30814, '', 'chatting', 1571034016, 0, 0),
(83, 30814, 30880, '', 'chatting', 1571034016, 0, 0),
(84, 100397, 100398, '', 'chatting', 1571034259, 2451, 0),
(85, 100398, 100397, '', 'chatting', 1571034240, 2451, 1),
(86, 100029, 100400, '', 'chatting', 1571034328, 0, 0),
(87, 100400, 100029, '', 'chatting', 1571034328, 0, 0),
(88, 100029, 100394, '', 'chatting', 1571034533, 2452, 0),
(89, 100394, 100029, '', 'chatting', 1571034520, 2452, 1),
(90, 100401, 100402, '', 'chatting', 1571038355, 2453, 0),
(91, 100402, 100401, '', 'chatting', 1571034842, 2453, 1),
(92, 100392, 100393, '', 'chatting', 1571035054, 0, 0),
(93, 100393, 100392, '', 'chatting', 1571035034, 0, 0),
(94, 100392, 100403, '', 'chatting', 1571035132, 0, 0),
(95, 100403, 100392, '', 'chatting', 1571035065, 0, 0),
(96, 100392, 100404, '', 'chatting', 1571035124, 0, 0),
(97, 100404, 100392, '', 'chatting', 1571035124, 0, 0),
(98, 100392, 100405, '', 'chatting', 1571035166, 0, 0),
(99, 100405, 100392, '', 'chatting', 1571035166, 0, 0),
(100, 100029, 100391, '', 'chatting', 1571054205, 2474, 0),
(101, 100391, 100029, '', 'chatting', 1571235507, 2474, 0),
(102, 100391, 100406, '', 'chatting', 1571035828, 0, 0),
(103, 100406, 100391, '', 'chatting', 1571035828, 0, 0),
(104, 100391, 100399, '', 'chatting', 1571035901, 0, 0),
(105, 100399, 100391, '', 'chatting', 1571035901, 0, 0),
(106, 100029, 100393, '', 'chatting', 1571104187, 2478, 0),
(107, 100393, 100029, '', 'chatting', 1571036057, 2478, 2),
(108, 100029, 100407, '', 'chatting', 1571036289, 2458, 0),
(109, 100407, 100029, '', 'chatting', 1571036268, 2458, 1),
(110, 100029, 100399, '', 'chatting', 1571038795, 2467, 0),
(111, 100399, 100029, '', 'chatting', 1571036326, 2467, 1),
(112, 100391, 100408, '', 'chatting', 1571036490, 2460, 0),
(113, 100408, 100391, '', 'chatting', 1571036478, 2460, 1),
(114, 100029, 100409, '', 'chatting', 1571036577, 0, 0),
(115, 100409, 100029, '', 'chatting', 1571036577, 0, 0),
(116, 100029, 100410, '', 'chatting', 1571036870, 2463, 0),
(117, 100410, 100029, '', 'chatting', 1571036838, 2463, 1),
(118, 100029, 100171, '', 'hidden', 1571036932, 2464, 0),
(119, 100171, 100029, '', 'chatting', 1571036917, 2464, 1),
(120, 100029, 100408, '', 'chatting', 1571038432, 2465, 0),
(121, 100408, 100029, '', 'chatting', 1571038378, 2465, 1),
(122, 100411, 100412, '', 'chatting', 1571038547, 0, 0),
(123, 100412, 100411, '', 'chatting', 1571038542, 0, 0),
(124, 100029, 100413, '', 'chatting', 1571038615, 2466, 0),
(125, 100413, 100029, '', 'chatting', 1571038603, 2466, 1),
(126, 100029, 100296, '', 'hidden', 1571038740, 0, 0),
(127, 100296, 100029, '', 'chatting', 1571038740, 0, 0),
(128, 100029, 100414, '', 'chatting', 1571041552, 2468, 0),
(129, 100414, 100029, '', 'chatting', 1571040969, 2468, 1),
(130, 100415, 100416, '', 'chatting', 1571043437, 2471, 0),
(131, 100416, 100415, '', 'chatting', 1571043035, 2471, 3),
(132, 100415, 100417, '', 'chatting', 1571045495, 0, 0),
(133, 100417, 100415, '', 'chatting', 1571043187, 0, 0),
(134, 100418, 100399, '', 'chatting', 1571044497, 2472, 0),
(135, 100399, 100418, '', 'chatting', 1571044461, 2472, 1),
(136, 100029, 100419, '', 'chatting', 1571046417, 2473, 0),
(137, 100419, 100029, '', 'chatting', 1571046382, 2473, 1),
(138, 100421, 100422, '', 'chatting', 1571051955, 0, 0),
(139, 100422, 100421, '', 'chatting', 1571051955, 0, 0),
(140, 100029, 100423, '', 'chatting', 1571054267, 0, 0),
(141, 100423, 100029, '', 'chatting', 1571054267, 0, 0),
(142, 100425, 100426, '', 'chatting', 1571058139, 0, 0),
(143, 100426, 100425, '', 'chatting', 1571058139, 0, 0),
(144, 100428, 100429, '', 'chatting', 1571064919, 0, 0),
(145, 100429, 100428, '', 'chatting', 1571064862, 0, 0),
(146, 100431, 100431, '', 'chatting', 1571067090, 0, 0),
(147, 100432, 100433, '', 'chatting', 1571070921, 0, 0),
(148, 100433, 100432, '', 'chatting', 1571070921, 0, 0),
(149, 100432, 100434, '', 'chatting', 1571071034, 0, 0),
(150, 100434, 100432, '', 'chatting', 1571071034, 0, 0),
(151, 100432, 100435, '', 'chatting', 1571074218, 0, 0),
(152, 100435, 100432, '', 'chatting', 1571074212, 0, 0),
(153, 100029, 100437, '', 'chatting', 1571102234, 2475, 0),
(154, 100437, 100029, '', 'chatting', 1571100582, 2475, 1),
(155, 100029, 100438, '', 'hidden', 1571100900, 0, 0),
(156, 100438, 100029, '', 'chatting', 1571100900, 0, 0),
(157, 100029, 100439, '', 'chatting', 1571102306, 2476, 0),
(158, 100439, 100029, '', 'chatting', 1571102295, 2476, 1),
(159, 100440, 100407, '', 'chatting', 1571103388, 0, 0),
(160, 100407, 100440, '', 'chatting', 1571103388, 0, 0),
(161, 100029, 100441, '', 'chatting', 1571104118, 0, 0),
(162, 100441, 100029, '', 'chatting', 1571104118, 0, 0),
(163, 100029, 100442, '', 'chatting', 1571187406, 2479, 0),
(164, 100442, 100029, '', 'chatting', 1571104264, 2479, 1),
(165, 100029, 100443, '', 'chatting', 1571104334, 2481, 0),
(166, 100443, 100029, '', 'chatting', 1571104300, 2481, 2),
(167, 100029, 100444, '', 'hidden', 1571104374, 0, 0),
(168, 100444, 100029, '', 'chatting', 1571104366, 0, 0),
(169, 100446, 100391, '', 'chatting', 1571108191, 0, 0),
(170, 100391, 100446, '', 'chatting', 1571235531, 0, 0),
(171, 100448, 100087, '', 'chatting', 1571112213, 0, 0),
(172, 100087, 100448, '', 'chatting', 1571112213, 0, 0),
(173, 100029, 100377, '', 'chatting', 1571115808, 0, 0),
(174, 100377, 100029, '', 'chatting', 1571115808, 0, 0),
(175, 100029, 100450, '', 'hidden', 1571115909, 0, 0),
(176, 100450, 100029, '', 'chatting', 1571115909, 0, 0),
(177, 100029, 100195, '', 'chatting', 1571116036, 0, 0),
(178, 100195, 100029, '', 'chatting', 1571116036, 0, 0),
(179, 100432, 100453, '', 'chatting', 1571130503, 0, 0),
(180, 100453, 100432, '', 'chatting', 1571130462, 0, 0),
(181, 100432, 100454, '', 'chatting', 1571130513, 0, 0),
(182, 100454, 100432, '', 'chatting', 1571130513, 0, 0),
(183, 100432, 100455, '', 'chatting', 1571130539, 0, 0),
(184, 100455, 100432, '', 'chatting', 1571130539, 0, 0),
(185, 100432, 100456, '', 'chatting', 1571130553, 0, 0),
(186, 100456, 100432, '', 'chatting', 1571130553, 0, 0),
(187, 100458, 100459, '', 'chatting', 1571134186, 2482, 0),
(188, 100459, 100458, '', 'chatting', 1571134162, 2482, 1),
(189, 100460, 100461, '', 'chatting', 1571135316, 0, 0),
(190, 100461, 100460, '', 'chatting', 1571135316, 0, 0),
(191, 100462, 100463, '', 'chatting', 1571136713, 0, 0),
(192, 100463, 100462, '', 'chatting', 1571136713, 0, 0),
(193, 100464, 100465, '', 'chatting', 1571141138, 0, 0),
(194, 100465, 100464, '', 'chatting', 1571141138, 0, 0),
(195, 100466, 100467, '', 'chatting', 1571142341, 0, 0),
(196, 100467, 100466, '', 'chatting', 1571142252, 0, 0),
(197, 100468, 100469, '', 'chatting', 1571144933, 2483, 0),
(198, 100469, 100468, '', 'chatting', 1571144865, 2483, 1),
(199, 100440, 100468, '', 'chatting', 1571146257, 0, 0),
(200, 100468, 100440, '', 'chatting', 1571146257, 0, 0),
(201, 100470, 100471, '', 'chatting', 1571149806, 0, 0),
(202, 100471, 100470, '', 'chatting', 1571149806, 0, 0),
(203, 100432, 100473, '', 'chatting', 1571150712, 0, 0),
(204, 100473, 100432, '', 'chatting', 1571150712, 0, 0),
(205, 100037, 100433, '', 'chatting', 1571150823, 0, 0),
(206, 100433, 100037, '', 'chatting', 1571150823, 0, 0),
(207, 100432, 100474, '', 'chatting', 1571150855, 0, 0),
(208, 100474, 100432, '', 'chatting', 1571150855, 0, 0),
(209, 100432, 100475, '', 'chatting', 1571151193, 0, 0),
(210, 100475, 100432, '', 'chatting', 1571151193, 0, 0),
(211, 100432, 100476, '', 'chatting', 1571151214, 0, 0),
(212, 100476, 100432, '', 'chatting', 1571151210, 0, 0),
(213, 100037, 100434, '', 'chatting', 1571151365, 0, 0),
(214, 100434, 100037, '', 'chatting', 1571151365, 0, 0),
(215, 100037, 100477, '', 'chatting', 1571151431, 2484, 0),
(216, 100477, 100037, '', 'chatting', 1571151406, 2484, 1),
(217, 100037, 100478, '', 'chatting', 1571151473, 0, 0),
(218, 100478, 100037, '', 'chatting', 1571151473, 0, 0),
(219, 100479, 100433, '', 'chatting', 1571151734, 0, 0),
(220, 100433, 100479, '', 'chatting', 1571151734, 0, 0),
(221, 100029, 100480, '', 'chatting', 1571152105, 0, 0),
(222, 100480, 100029, '', 'chatting', 1571152095, 0, 0),
(223, 100029, 100481, '', 'chatting', 1571152129, 0, 0),
(224, 100481, 100029, '', 'chatting', 1571152120, 0, 0),
(225, 100029, 100468, '', 'hidden', 1571152140, 0, 0),
(226, 100468, 100029, '', 'chatting', 1571152140, 0, 0),
(227, 100029, 100463, '', 'chatting', 1571152222, 0, 0),
(228, 100463, 100029, '', 'chatting', 1571152211, 0, 0),
(229, 100483, 100468, '', 'chatting', 1571170191, 0, 0),
(230, 100468, 100483, '', 'chatting', 1571170183, 0, 0),
(231, 100484, 100485, '', 'chatting', 1571170462, 0, 0),
(232, 100485, 100484, '', 'chatting', 1571170455, 0, 0),
(233, 100486, 100467, '', 'chatting', 1571189529, 0, 0),
(234, 100467, 100486, '', 'chatting', 1571189529, 0, 0),
(235, 100486, 100029, '', 'chatting', 1571189571, 0, 0),
(236, 100029, 100486, '', 'chatting', 1571189552, 0, 0),
(237, 100487, 100029, '', 'chatting', 1571191300, 0, 0),
(238, 100029, 100487, '', 'chatting', 1571191295, 0, 0),
(239, 100029, 100488, '', 'chatting', 1571191539, 2485, 0),
(240, 100488, 100029, '', 'chatting', 1571191482, 2485, 1),
(241, 100489, 100490, '', 'chatting', 1571192502, 2486, 0),
(242, 100490, 100489, '', 'chatting', 1571192451, 2486, 1),
(243, 100491, 100492, '', 'chatting', 1571193218, 0, 0),
(244, 100492, 100491, '', 'chatting', 1571193218, 0, 0),
(245, 100493, 100494, '', 'chatting', 1571193971, 0, 0),
(246, 100494, 100493, '', 'chatting', 1571193971, 0, 0),
(247, 100496, 100029, '', 'chatting', 1571197405, 2491, 2),
(248, 100029, 100496, '', 'chatting', 1571219820, 2491, 0),
(249, 100497, 100498, '', 'chatting', 1571198240, 0, 0),
(250, 100498, 100497, '', 'chatting', 1571198225, 0, 0),
(251, 100499, 100431, '', 'chatting', 1571220942, 0, 0),
(252, 100431, 100499, '', 'chatting', 1571204070, 0, 0),
(253, 100500, 100501, '', 'chatting', 1571210195, 0, 0),
(254, 100501, 100500, '', 'chatting', 1571210180, 0, 0),
(255, 100502, 100503, '', 'chatting', 1571216490, 0, 0),
(256, 100503, 100502, '', 'chatting', 1571216490, 0, 0),
(257, 100504, 100505, 'George', 'chatting', 1571219920, 2492, 0),
(258, 100505, 100504, '', 'chatting', 1571219418, 2492, 3),
(259, 100029, 100506, '', 'chatting', 1571219446, 0, 0),
(260, 100506, 100029, '', 'chatting', 1571219446, 0, 0),
(261, 100029, 100499, '', 'chatting', 1571219572, 0, 0),
(262, 100499, 100029, '', 'chatting', 1571219572, 0, 0),
(263, 100499, 100507, '', 'chatting', 1571220934, 0, 0),
(264, 100507, 100499, '', 'chatting', 1571220934, 0, 0),
(265, 100511, 100512, '', 'chatting', 1571231658, 2493, 0),
(266, 100512, 100511, '', 'chatting', 1571231613, 2493, 1),
(267, 100391, 100513, '', 'chatting', 1571235517, 0, 0),
(268, 100513, 100391, '', 'chatting', 1571235470, 0, 0),
(269, 100514, 100409, '', 'chatting', 1571238656, 0, 0),
(270, 100409, 100514, '', 'chatting', 1571238656, 0, 0),
(271, 100516, 100517, '', 'chatting', 1571241248, 0, 0),
(272, 100517, 100516, '', 'chatting', 1571241248, 0, 0),
(273, 100518, 100519, '', 'chatting', 1571248833, 0, 0),
(274, 100519, 100518, '', 'chatting', 1571248825, 0, 0),
(275, 100025, 100005, '', 'chatting', 1571304898, 2513, 8),
(276, 100005, 100025, '关羽2', 'chatting', 1571309765, 2513, 0),
(278, 100005, 100009, '', 'chatting', 1571310098, 2565, 0);

-- --------------------------------------------------------

--
-- 表的结构 `groups`
--

CREATE TABLE `groups` (
  `gid` int(11) NOT NULL,
  `groupname` varchar(60) NOT NULL COMMENT '群名称',
  `uid` int(11) NOT NULL COMMENT '拥有者id',
  `avatar` varchar(100) NOT NULL COMMENT '群头像',
  `state` enum('normal','disabled','forbidden') DEFAULT 'normal' COMMENT 'normal：表示正常；disabled：表示解散;forbidden:表示禁言',
  `timestamp` int(11) NOT NULL DEFAULT '0' COMMENT '创建时间'
) ENGINE=MyISAM DEFAULT CHARSET=utf8 ROW_FORMAT=DYNAMIC;

--
-- 转存表中的数据 `groups`
--

INSERT INTO `groups` (`gid`, `groupname`, `uid`, `avatar`, `state`, `timestamp`) VALUES
(32, '群聊(孙俪,奥黛丽赫本,范冰冰)', 100011, '//im.h5.lantoukui.com/upload/avatars/32/32/045d9715c0526b.jpg', 'normal', 1570180281),
(33, '群聊(简,雪)', 100017, '/avatar.php?uid=100017,100018', 'normal', 1570551027),
(34, '群聊(a123,简)', 100019, '/avatar.php?uid=100019,100017', 'normal', 1570594901);

-- --------------------------------------------------------

--
-- 表的结构 `group_member`
--

CREATE TABLE `group_member` (
  `id` int(11) NOT NULL,
  `gid` int(11) NOT NULL COMMENT '群id',
  `uid` int(11) NOT NULL COMMENT '成员id',
  `remark` varchar(255) NOT NULL DEFAULT '' COMMENT '备注',
  `state` enum('chatting','hidden') NOT NULL DEFAULT 'hidden' COMMENT ' 状态 chatting:在会话列表中 hidden:不在会话列表中',
  `last_read_time` int(11) NOT NULL DEFAULT '0' COMMENT '上次读消息的时间',
  `forbidden` int(11) NOT NULL DEFAULT '0' COMMENT '禁言时间'
) ENGINE=MyISAM DEFAULT CHARSET=utf8 ROW_FORMAT=DYNAMIC;

--
-- 转存表中的数据 `group_member`
--

INSERT INTO `group_member` (`id`, `gid`, `uid`, `remark`, `state`, `last_read_time`, `forbidden`) VALUES
(106, 32, 100011, '', 'chatting', 1570602479, 0),
(107, 32, 100007, '', 'chatting', 0, 0),
(108, 32, 100005, '', 'chatting', 1570881386, 0),
(109, 32, 100006, '', 'chatting', 0, 0),
(110, 32, 100008, '', 'chatting', 1570180934, 0),
(111, 32, 100009, '', 'chatting', 1571302769, 0),
(112, 32, 100010, '', 'chatting', 0, 0),
(113, 32, 100012, '', 'chatting', 1570522462, 0),
(114, 32, 100013, '', 'chatting', 0, 0),
(115, 32, 100014, '', 'chatting', 0, 0),
(116, 32, 100015, '', 'chatting', 0, 0),
(117, 32, 100016, '', 'chatting', 1570180435, 0),
(118, 33, 100017, '', 'chatting', 1570587780, 0),
(119, 33, 100018, '', 'chatting', 1570551127, 0),
(120, 34, 100019, '', 'chatting', 1570600032, 0),
(121, 34, 100017, '', 'chatting', 1570620389, 0);

-- --------------------------------------------------------

--
-- 表的结构 `ls`
--

CREATE TABLE `ls` (
  `id` int(10) UNSIGNED NOT NULL,
  `text` text NOT NULL
) ENGINE=MyISAM DEFAULT CHARSET=utf8 ROW_FORMAT=DYNAMIC;

--
-- 转存表中的数据 `ls`
--

INSERT INTO `ls` (`id`, `text`) VALUES
(1, 'SAK:,CT:');

-- --------------------------------------------------------

--
-- 表的结构 `message`
--

CREATE TABLE `message` (
  `mid` int(10) UNSIGNED NOT NULL COMMENT '消息id',
  `from` varchar(32) COLLATE utf8mb4_unicode_ci NOT NULL COMMENT '发起者uid/group_id',
  `to` varchar(32) COLLATE utf8mb4_unicode_ci NOT NULL COMMENT '接收者id，根据type不同，可能是用户uid，可能是群组id',
  `content` mediumtext COLLATE utf8mb4_unicode_ci COMMENT '具体的消息数据',
  `type` enum('friend','group') COLLATE utf8mb4_unicode_ci DEFAULT NULL COMMENT '消息类型，好友数据或群组数据',
  `sub_type` enum('message','notice','newnotice','block','images','link','pay','position') COLLATE utf8mb4_unicode_ci NOT NULL DEFAULT 'message' COMMENT '子类型，''message消息'',''notice公告'',''images图片'',''pay支付''',
  `timestamp` int(11) UNSIGNED NOT NULL COMMENT '消息时间戳'
) ENGINE=MyISAM DEFAULT CHARSET=utf8mb4 COLLATE=utf8mb4_unicode_ci ROW_FORMAT=DYNAMIC;

--
-- 转存表中的数据 `message`
--

INSERT INTO `message` (`mid`, `from`, `to`, `content`, `type`, `sub_type`, `timestamp`) VALUES
(2074, '100005', '100007', '你好', 'friend', 'message', 1570178550),
(2075, '100005', '100007', '我通过了你的好友请求，我们来聊天吧', 'friend', 'message', 1570178644),
(2076, '100005', '100010', '我通过了你的好友请求，我们来聊天吧', 'friend', 'message', 1570178728),
(2077, '100011', '100010', '我通过了你的好友请求，我们来聊天吧', 'friend', 'message', 1570178775),
(2078, '100011', '100006', '我通过了你的好友请求，我们来聊天吧', 'friend', 'message', 1570178889),
(2079, '100013', '100011', '我通过了你的好友请求，我们来聊天吧', 'friend', 'message', 1570179045),
(2080, '100011', '100015', '我通过了你的好友请求，我们来聊天吧', 'friend', 'message', 1570179144),
(2081, '100011', '100014', '我通过了你的好友请求，我们来聊天吧', 'friend', 'message', 1570179148),
(2082, '100011', '100012', '我通过了你的好友请求，我们来聊天吧', 'friend', 'message', 1570179151),
(2083, '100011', '100009', '我通过了你的好友请求，我们来聊天吧', 'friend', 'message', 1570179153),
(2084, '100011', '100008', '我通过了你的好友请求，我们来聊天吧', 'friend', 'message', 1570179155),
(2085, '100005', '100011', '我通过了你的好友请求，我们来聊天吧', 'friend', 'message', 1570179245),
(2086, '100011', '100007', '我通过了你的好友请求，我们来聊天吧', 'friend', 'message', 1570179290),
(2087, '100008', '100011', '你好，孙俪姐', 'friend', 'message', 1570179510),
(2088, '100008', '100011', '在吗？', 'friend', 'message', 1570179514),
(2089, '100008', '100011', '1', 'friend', 'message', 1570179516),
(2090, '100008', '100011', '2', 'friend', 'message', 1570179517),
(2091, '100008', '100011', '3', 'friend', 'message', 1570179517),
(2092, '100008', '100011', '4', 'friend', 'message', 1570179517),
(2093, '100008', '100011', '5', 'friend', 'message', 1570179518),
(2094, '100008', '100011', '6', 'friend', 'message', 1570179518),
(2095, '100008', '100011', '7', 'friend', 'message', 1570179518),
(2096, '100008', '100011', '8', 'friend', 'message', 1570179518),
(2097, '100008', '100011', '5', 'friend', 'message', 1570179519),
(2098, '100008', '100011', '34', 'friend', 'message', 1570179519),
(2099, '100008', '100011', '234', 'friend', 'message', 1570179519),
(2100, '100008', '100011', '2314', 'friend', 'message', 1570179519),
(2101, '100008', '100011', '123', 'friend', 'message', 1570179519),
(2102, '100008', '100011', '4123', 'friend', 'message', 1570179519),
(2103, '100008', '100011', '4', 'friend', 'message', 1570179520),
(2104, '100008', '100011', '1234', 'friend', 'message', 1570179520),
(2105, '100008', '100011', '1234', 'friend', 'message', 1570179520),
(2106, '100008', '100011', '123', 'friend', 'message', 1570179520),
(2107, '100008', '100011', '4123', 'friend', 'message', 1570179520),
(2108, '100008', '100011', '4', 'friend', 'message', 1570179520),
(2109, '100008', '100011', '1234', 'friend', 'message', 1570179520),
(2110, '100008', '100011', '1234', 'friend', 'message', 1570179521),
(2111, '100008', '100011', '1', 'friend', 'message', 1570179521),
(2112, '100008', '100011', '4123', 'friend', 'message', 1570179521),
(2113, '100008', '100011', '4', 'friend', 'message', 1570179521),
(2114, '100008', '100011', '1234', 'friend', 'message', 1570179521),
(2115, '100008', '100011', '124', 'friend', 'message', 1570179521),
(2116, '100008', '100011', '2', 'friend', 'message', 1570179522),
(2117, '100008', '100011', '423', 'friend', 'message', 1570179522),
(2118, '100008', '100011', '423', 'friend', 'message', 1570179522),
(2119, '100008', '100011', '4', 'friend', 'message', 1570179522),
(2120, '100008', '100011', '1234', 'friend', 'message', 1570179522),
(2121, '100008', '100011', '1234', 'friend', 'message', 1570179522),
(2122, '100008', '100011', '23', 'friend', 'message', 1570179523),
(2123, '100008', '100011', '4', 'friend', 'message', 1570179523),
(2124, '100008', '100011', '1234', 'friend', 'message', 1570179523),
(2125, '100008', '100011', '1234', 'friend', 'message', 1570179523),
(2126, '100008', '100011', '123', 'friend', 'message', 1570179523),
(2127, '100008', '100011', '4123', 'friend', 'message', 1570179523),
(2128, '100008', '100011', '4', 'friend', 'message', 1570179524),
(2129, '100008', '100011', '1234', 'friend', 'message', 1570179524),
(2130, '100008', '100011', '1234', 'friend', 'message', 1570179524),
(2131, '100008', '100011', '234', 'friend', 'message', 1570179524),
(2132, '100008', '100011', '123', 'friend', 'message', 1570179524),
(2133, '100008', '100011', '4', 'friend', 'message', 1570179524),
(2134, '100008', '100011', '1234', 'friend', 'message', 1570179525),
(2135, '100008', '100011', '1234', 'friend', 'message', 1570179525),
(2136, '100008', '100011', '1234', 'friend', 'message', 1570179525),
(2137, '100008', '100011', '23', 'friend', 'message', 1570179525),
(2138, '100008', '100011', '4123', 'friend', 'message', 1570179525),
(2139, '100008', '100011', '4', 'friend', 'message', 1570179525),
(2140, '100008', '100011', '1234', 'friend', 'message', 1570179526),
(2141, '100008', '100011', '1234', 'friend', 'message', 1570179526),
(2142, '100008', '100011', '123', 'friend', 'message', 1570179526),
(2143, '100008', '100011', '4123', 'friend', 'message', 1570179526),
(2144, '100008', '100011', '4', 'friend', 'message', 1570179526),
(2145, '100008', '100011', '1234', 'friend', 'message', 1570179526),
(2146, '100008', '100011', '1234', 'friend', 'message', 1570179527),
(2147, '100008', '100011', '123', 'friend', 'message', 1570179527),
(2148, '100008', '100011', '423', 'friend', 'message', 1570179527),
(2149, '100008', '100011', '4', 'friend', 'message', 1570179527),
(2150, '100008', '100011', '1234', 'friend', 'message', 1570179527),
(2151, '100008', '100011', '1234', 'friend', 'message', 1570179527),
(2152, '100008', '100011', '13', 'friend', 'message', 1570179528),
(2153, '100008', '100011', '4', 'friend', 'message', 1570179528),
(2154, '100008', '100011', '1234', 'friend', 'message', 1570179528),
(2155, '100008', '100011', '1234', 'friend', 'message', 1570179528),
(2156, '100008', '100011', '123', 'friend', 'message', 1570179528),
(2157, '100008', '100011', '4123', 'friend', 'message', 1570179528),
(2158, '100008', '100011', '4', 'friend', 'message', 1570179529),
(2159, '100008', '100011', '1234', 'friend', 'message', 1570179529),
(2160, '100008', '100011', '23', 'friend', 'message', 1570179529),
(2161, '100008', '100011', '4123', 'friend', 'message', 1570179529),
(2162, '100008', '100011', '4', 'friend', 'message', 1570179529),
(2163, '100008', '100011', '1234', 'friend', 'message', 1570179529),
(2164, '100008', '100011', '123', 'friend', 'message', 1570179530),
(2165, '100008', '100011', '423', 'friend', 'message', 1570179530),
(2166, '100008', '100011', '4', 'friend', 'message', 1570179530),
(2167, '100008', '100011', '1234', 'friend', 'message', 1570179530),
(2168, '100008', '100011', '1234', 'friend', 'message', 1570179530),
(2169, '100008', '100011', '123', 'friend', 'message', 1570179530),
(2170, '100008', '100011', '4', 'friend', 'message', 1570179531),
(2171, '100008', '100011', '234', 'friend', 'message', 1570179531),
(2172, '100008', '100011', '1234', 'friend', 'message', 1570179531),
(2173, '100008', '100011', '23', 'friend', 'message', 1570179531),
(2174, '100008', '100011', '423', 'friend', 'message', 1570179531),
(2175, '100008', '100011', '4', 'friend', 'message', 1570179531),
(2176, '100008', '100011', '1234', 'friend', 'message', 1570179532),
(2177, '100008', '100011', '1234', 'friend', 'message', 1570179532),
(2178, '100008', '100011', '123', 'friend', 'message', 1570179532),
(2179, '100008', '100011', '4', 'friend', 'message', 1570179532),
(2180, '100008', '100011', '1234', 'friend', 'message', 1570179532),
(2181, '100008', '100011', '123', 'friend', 'message', 1570179532),
(2182, '100008', '100011', '4123', 'friend', 'message', 1570179533),
(2183, '100008', '100011', '4', 'friend', 'message', 1570179533),
(2184, '100008', '100011', '1234', 'friend', 'message', 1570179533),
(2185, '100008', '100011', '123', 'friend', 'message', 1570179533),
(2186, '100008', '100011', '4123', 'friend', 'message', 1570179533),
(2187, '100008', '100011', '4', 'friend', 'message', 1570179533),
(2188, '100008', '100011', '1234', 'friend', 'message', 1570179534),
(2189, '100008', '100011', '123', 'friend', 'message', 1570179534),
(2190, '100008', '100011', '423', 'friend', 'message', 1570179534),
(2191, '100008', '100011', '4', 'friend', 'message', 1570179534),
(2192, '100008', '100011', '123', 'friend', 'message', 1570179534),
(2193, '100008', '100011', '4123', 'friend', 'message', 1570179534),
(2194, '100008', '100011', '4', 'friend', 'message', 1570179535),
(2195, '100011', '100016', '我通过了你的好友请求，我们来聊天吧', 'friend', 'message', 1570179592),
(2196, '100008', '100011', '姐姐', 'friend', 'message', 1570179607),
(2197, '100016', '100011', '12', 'friend', 'message', 1570179615),
(2198, '100016', '100011', '3', 'friend', 'message', 1570179615),
(2199, '100016', '100011', '123', 'friend', 'message', 1570179615),
(2200, '100016', '100011', '123', 'friend', 'message', 1570179615),
(2201, '100016', '100011', '123', 'friend', 'message', 1570179616),
(2202, '100016', '100011', '12', 'friend', 'message', 1570179616),
(2203, '100016', '100011', '312', 'friend', 'message', 1570179616),
(2204, '100016', '100011', '3', 'friend', 'message', 1570179616),
(2205, '100016', '100011', '123', 'friend', 'message', 1570179616),
(2206, '100016', '100011', '123', 'friend', 'message', 1570179616),
(2207, '100016', '100011', '12', 'friend', 'message', 1570179617),
(2208, '100016', '100011', '3', 'friend', 'message', 1570179617),
(2209, '100016', '100011', '123', 'friend', 'message', 1570179617),
(2210, '100016', '100011', '123', 'friend', 'message', 1570179617),
(2211, '100016', '100011', '12', 'friend', 'message', 1570179617),
(2212, '100016', '100011', '312', 'friend', 'message', 1570179617),
(2213, '100016', '100011', '3', 'friend', 'message', 1570179618),
(2214, '100016', '100011', '123', 'friend', 'message', 1570179618),
(2215, '100016', '100011', '123', 'friend', 'message', 1570179618),
(2216, '100016', '100011', '12', 'friend', 'message', 1570179618),
(2217, '100016', '100011', '312', 'friend', 'message', 1570179618),
(2218, '100016', '100011', '3', 'friend', 'message', 1570179618),
(2219, '100016', '100011', '123', 'friend', 'message', 1570179619),
(2220, '100016', '100011', '12', 'friend', 'message', 1570179619),
(2221, '100016', '100011', '312', 'friend', 'message', 1570179619),
(2222, '100016', '100011', '3', 'friend', 'message', 1570179619),
(2223, '100016', '100011', '123', 'friend', 'message', 1570179619),
(2224, '100016', '100011', '123', 'friend', 'message', 1570179619),
(2225, '100016', '100011', '12', 'friend', 'message', 1570179620),
(2226, '100016', '100011', '312', 'friend', 'message', 1570179620),
(2227, '100016', '100011', '3', 'friend', 'message', 1570179620),
(2228, '100016', '100011', '123', 'friend', 'message', 1570179620),
(2229, '100016', '100011', '12', 'friend', 'message', 1570179620),
(2230, '100016', '100011', '3', 'friend', 'message', 1570179620),
(2231, '100016', '100011', '123', 'friend', 'message', 1570179621),
(2232, '100016', '100011', '123', 'friend', 'message', 1570179621),
(2233, '100016', '100011', '12', 'friend', 'message', 1570179621),
(2234, '100016', '100011', '3', 'friend', 'message', 1570179621),
(2235, '100016', '100011', '312', 'friend', 'message', 1570179623),
(2236, '100016', '100011', '3', 'friend', 'message', 1570179623),
(2237, '100016', '100011', '3', 'friend', 'message', 1570179624),
(2238, '100016', '100011', '123', 'friend', 'message', 1570179624),
(2239, '100016', '100011', '12', 'friend', 'message', 1570179624),
(2240, '100016', '100011', '312', 'friend', 'message', 1570179624),
(2241, '100016', '100011', '312', 'friend', 'message', 1570179624),
(2242, '100016', '100011', '3', 'friend', 'message', 1570179624),
(2243, '100016', '100011', '123', 'friend', 'message', 1570179625),
(2244, '100016', '100011', '12', 'friend', 'message', 1570179625),
(2245, '100016', '100011', '312', 'friend', 'message', 1570179625),
(2246, '100016', '100011', '312', 'friend', 'message', 1570179625),
(2247, '100016', '100011', '3', 'friend', 'message', 1570179626),
(2248, '100016', '100011', '12', 'friend', 'message', 1570179627),
(2249, '100016', '100011', '3', 'friend', 'message', 1570179627),
(2250, '100016', '100011', '123', 'friend', 'message', 1570179628),
(2251, '100016', '100011', '123', 'friend', 'message', 1570179628),
(2252, '100016', '100011', '12', 'friend', 'message', 1570179628),
(2253, '100016', '100011', '在不？', 'friend', 'message', 1570179632),
(2254, '100011', '100016', '在哪', 'friend', 'message', 1570179673),
(2255, '100011', '100016', '是的', 'friend', 'message', 1570179677),
(2256, '100011', '100016', '哈哈', 'friend', 'message', 1570179679),
(2257, '100011', '100016', '呵呵', 'friend', 'message', 1570179680),
(2258, '100011', '100016', '{nb}{position}[老北京炸酱面{|}南池子大街105号{|}116.403125,39.908871]', 'friend', 'position', 1570179714),
(2259, '100011', '100016', '![图片](//im.demo.cpccc.com/upload/images/201910/045d970aa45dad.jpg)', 'friend', 'message', 1570179749),
(2260, '100011', '100016', 'file[Screenshot_20191004_170156_com.qihoo.browser.jpg	307.46 KB](//im.demo.cpccc.com/upload/files/201910/045d970aad5368.jpg)', 'friend', 'message', 1570179757),
(2261, '100011', '100008', '{nb}{pay}[100011{|}100008{|}2{|}200.00{|}1{|}恭喜发财 大吉大利{|}刘诗诗{|}12895]', 'friend', 'pay', 1570180179),
(2262, '100011', '100008', '{nb}{pay}[100011{|}100008{|}1{|}500.00{|}1{|}￥500.00{|}刘诗诗{|}12896]', 'friend', 'pay', 1570180195),
(2263, '100011', '32', '[孙俪]({POPBASEURI}user/detail/100011) 邀请 [奥黛丽赫本]({POPBASEURI}user/detail/100007) [范冰冰]({POPBASEURI}user/detail/100005) [关晓彤]({POPBASEURI}user/detail/100006) [刘诗诗]({POPBASEURI}user/detail/100008) [戚薇]({POPBASEURI}user/detail/100009) [宋祖儿]({POPBASEURI}user/detail/100010) [佟丽娅]({POPBASEURI}user/detail/100012) [张韵艺]({POPBASEURI}user/detail/100013) [赵丽颖]({POPBASEURI}user/detail/100014) [周慧敏]({POPBASEURI}user/detail/100015) [朱茵]({POPBASEURI}user/detail/100016) 加入了群聊', 'group', 'notice', 1570180281),
(2264, '100011', '32', '{nb}{pay}[100011{|}32{|}3{|}200.00{|}10{|}恭喜发财 大吉大利{|}群聊(孙俪,奥黛丽赫本,范冰冰){|}12897]', 'group', 'pay', 1570180310),
(2265, '100008', '100011', '{nb}{newnotice}刘诗诗 领取了 孙俪 的红包', 'friend', 'newnotice', 1570180708),
(2266, '100008', '100011', '{nb}{newnotice}刘诗诗 领取了 孙俪 的转账', 'friend', 'newnotice', 1570180712),
(2267, '100011', '100008', '{nb}{pay}[100011{|}100008{|}2{|}200.00{|}1{|}恭喜发财 大吉大利{|}刘诗诗{|}12909]', 'friend', 'pay', 1570180779),
(2268, '100008', '32', '{nb}{newnotice}刘诗诗 领取了 孙俪 的群红包', 'group', 'newnotice', 1570181117),
(2269, '100011', '32', '{nb}{newnotice}孙俪 领取了 孙俪 的群红包', 'group', 'newnotice', 1570181143),
(2270, '100011', '32', '{nb}{pay}[100011{|}32{|}3{|}200.00{|}10{|}恭喜发财 大吉大利{|}群聊(孙俪,奥黛丽赫本,范冰冰){|}12912]', 'group', 'pay', 1570181519),
(2271, '100011', '32', '{nb}{newnotice}孙俪 领取了 孙俪 的群红包', 'group', 'newnotice', 1570181525),
(2272, '100011', '32', '{nb}{pay}[100011{|}32{|}3{|}200.00{|}10{|}恭喜发财 大吉大利{|}群聊(孙俪,奥黛丽赫本,范冰冰){|}12923]', 'group', 'pay', 1570181590),
(2273, '100011', '32', '{nb}{newnotice}孙俪 领取了 孙俪 的群红包', 'group', 'newnotice', 1570181614),
(2274, '100011', '32', '{nb}{pay}[100011{|}32{|}3{|}177.00{|}10{|}恭喜发财 大吉大利{|}群聊(孙俪,奥黛丽赫本,范冰冰){|}12934]', 'group', 'pay', 1570181643),
(2275, '100011', '32', '{nb}{newnotice}孙俪 领取了 孙俪 的群红包', 'group', 'newnotice', 1570181657),
(2276, '100011', '32', 'voice(//im.demo.cpccc.com/upload/files/201910/045d971249b782.wav)', 'group', 'message', 1570181705),
(2277, '100011', '32', '群主 [孙俪]({POPBASEURI}user/detail/100011) 更换了群头像', 'group', 'notice', 1570182592),
(2278, '100011', '32', '1', 'group', 'message', 1570254268),
(2279, '100011', '32', '23', 'group', 'message', 1570254987),
(2280, '100011', '100008', '{nb}{pay}[100011{|}100008{|}2{|}111.00{|}1{|}恭喜发财 大吉大利{|}刘诗诗{|}12945]', 'friend', 'pay', 1570261755),
(2281, '100011', '100008', '{nb}{pay}[100011{|}100008{|}1{|}1000.00{|}1{|}￥1000.00{|}刘诗诗{|}12946]', 'friend', 'pay', 1570262647),
(2282, '100011', '100008', '{nb}{position}[外交部街社区{|}朝阳门南小街与红星胡同交叉口西北100米{|}116.426126,39.915237]', 'friend', 'position', 1570262671),
(2283, '100011', '32', '{nb}{pay}[100011{|}32{|}3{|}111.00{|}10{|}恭喜发财 大吉大利{|}群聊(孙俪,奥黛丽赫本,范冰冰){|}12947]', 'group', 'pay', 1570262756),
(2284, '100011', '32', '大家好啊', 'group', 'message', 1570263284),
(2285, '100011', '32', '{nb}{pay}[100011{|}32{|}3{|}200.00{|}10{|}恭喜发财 大吉大利{|}群聊(孙俪,奥黛丽赫本,范冰冰){|}12957]', 'group', 'pay', 1570263455),
(2286, '100005', '100011', '111', 'friend', 'message', 1570517205),
(2287, '100011', '100014', '[表情4][表情4][表情4][表情4]', 'friend', 'message', 1570517212),
(2288, '100011', '100014', '[表情4][表情4][表情4][表情4]', 'friend', 'message', 1570517216),
(2289, '100005', '100011', '{nb}{position}[undefined{|}undefined{|}undefined]', 'friend', 'position', 1570517220),
(2290, '100011', '100005', '[表情0][表情0][表情0]', 'friend', 'message', 1570517225),
(2291, '100011', '100005', '[表情4][表情4][表情4][表情4]', 'friend', 'message', 1570517234),
(2292, '100005', '100011', '[表情9][表情9][表情9][表情9][表情9]', 'friend', 'message', 1570517246),
(2293, '100011', '100005', '[表情11][表情11][表情10][表情9][表情8]', 'friend', 'message', 1570517249),
(2294, '100011', '100005', '[表情3][表情3][表情3][表情3]', 'friend', 'message', 1570517268),
(2295, '100005', '100011', '[表情12]', 'friend', 'message', 1570517276),
(2296, '100011', '100016', '![图片](//im.h5.lantoukui.com/upload/images/201910/085d9c3172579f.jpg)', 'friend', 'message', 1570517362),
(2297, '100011', '100016', '![图片](//im.h5.lantoukui.com/upload/images/201910/085d9c318290e7.jpg)', 'friend', 'message', 1570517379),
(2298, '100011', '100016', '[表情11][表情11][表情11]', 'friend', 'message', 1570517389),
(2299, '100011', '100016', '![图片](//im.h5.lantoukui.com/upload/images/201910/085d9c31a05022.jpg)', 'friend', 'message', 1570517409),
(2300, '100005', '100011', '{nb}{position}[undefined{|}undefined{|}undefined]', 'friend', 'position', 1570517515),
(2301, '100011', '100016', '{nb}{pay}[100011{|}100016{|}1{|}10000.00{|}1{|}￥10000.00{|}朱茵{|}12967]', 'friend', 'pay', 1570517525),
(2302, '100005', '100011', '111', 'friend', 'message', 1570517537),
(2303, '100011', '100005', '{nb}{pay}[100011{|}100005{|}2{|}200.00{|}1{|}恭喜发财 大吉大利{|}范冰冰{|}12968]', 'friend', 'pay', 1570517560),
(2304, '100005', '100011', '222', 'friend', 'message', 1570517562),
(2305, '100005', '100011', '{nb}{newnotice}范冰冰 领取了 孙俪 的红包', 'friend', 'newnotice', 1570517567),
(2306, '100011', '100005', '{nb}{pay}[100011{|}100005{|}1{|}20000.00{|}1{|}￥20000.00{|}范冰冰{|}12970]', 'friend', 'pay', 1570517568),
(2307, '100005', '100011', '{nb}{newnotice}范冰冰 领取了 孙俪 的转账', 'friend', 'newnotice', 1570517571),
(2308, '100011', '100005', '此消息已撤回', 'friend', 'notice', 1570517678),
(2310, '100011', '100005', 'voice(//im.demo.cpccc.com/upload/files/201910/085d9c3360a167.wav)', 'friend', 'message', 1570517856),
(2309, '100011', '100005', '此消息已撤回', 'friend', 'notice', 1570517695),
(2311, '100011', '100005', '1', 'friend', 'message', 1570517886),
(2312, '100011', '100005', '2', 'friend', 'message', 1570517889),
(2313, '100011', '100005', '3', 'friend', 'message', 1570517891),
(2314, '100011', '100005', '4', 'friend', 'message', 1570517892),
(2315, '100011', '100005', '5', 'friend', 'message', 1570517893),
(2316, '100011', '100005', '6', 'friend', 'message', 1570517893),
(2317, '100011', '100005', '7', 'friend', 'message', 1570517893),
(2318, '100011', '100005', '8', 'friend', 'message', 1570517894),
(2319, '100011', '100005', '9', 'friend', 'message', 1570517894),
(2320, '100011', '100005', '1', 'friend', 'message', 1570517984),
(2321, '100008', '100011', 'voice(//im.h5.lantoukui.com/upload/files/201910/085d9c363772c0.wav)', 'friend', 'message', 1570518583),
(2322, '100008', '100011', '1', 'friend', 'message', 1570518589),
(2323, '100008', '100011', '1', 'friend', 'message', 1570518658),
(2324, '100008', '100011', '1', 'friend', 'message', 1570518667),
(2325, '100011', '100008', '2', 'friend', 'message', 1570518693),
(2326, '100011', '100008', '3', 'friend', 'message', 1570518700),
(2327, '100011', '100008', '2', 'friend', 'message', 1570518745),
(2328, '100011', '100008', '1', 'friend', 'message', 1570518859),
(2329, '100011', '100008', '312', 'friend', 'message', 1570518864),
(2330, '100011', '100008', '1', 'friend', 'message', 1570518909),
(2331, '100011', '100008', '2', 'friend', 'message', 1570518920),
(2332, '100011', '100008', '1', 'friend', 'message', 1570519024),
(2333, '100011', '100008', '2', 'friend', 'message', 1570519026),
(2334, '100011', '100008', '1', 'friend', 'message', 1570519073),
(2335, '100011', '100008', '33213', 'friend', 'message', 1570519075),
(2336, '100011', '100008', '2', 'friend', 'message', 1570519131),
(2337, '100011', '100008', '1', 'friend', 'message', 1570519211),
(2338, '100011', '100008', '4', 'friend', 'message', 1570519217),
(2339, '100011', '100008', '1', 'friend', 'message', 1570519264),
(2340, '100011', '100008', '1', 'friend', 'message', 1570520446),
(2341, '100011', '100008', '1', 'friend', 'message', 1570521866),
(2342, '100011', '100008', '1', 'friend', 'message', 1570522019),
(2343, '100011', '100008', '1', 'friend', 'message', 1570522088),
(2344, '100011', '100008', '2', 'friend', 'message', 1570522090),
(2345, '100011', '100008', '342', 'friend', 'message', 1570522097),
(2346, '100011', '100008', '3', 'friend', 'message', 1570522135),
(2347, '100011', '100008', '4', 'friend', 'message', 1570522139),
(2348, '100011', '100008', '3', 'friend', 'message', 1570522207),
(2349, '100012', '100011', '此消息已撤回', 'friend', 'notice', 1570522250),
(2350, '100012', '100011', 'voice(//im.h5.lantoukui.com/upload/files/201910/085d9c45473c62.wav)', 'friend', 'message', 1570522439),
(2351, '100005', '100011', 'voice(//im.h5.lantoukui.com/upload/files/201910/085d9c483b237a.wav)', 'friend', 'message', 1570523195),
(2352, '100005', '100007', '[表情1]', 'friend', 'message', 1570528163),
(2353, '100005', '32', '{nb}{newnotice}范冰冰 领取了 孙俪 的群红包', 'group', 'newnotice', 1570528207),
(2354, '100005', '100011', 'voice(//im.h5.lantoukui.com/upload/files/201910/085d9c5d431806.wav)', 'friend', 'message', 1570528579),
(2355, '100011', '32', '{nb}{newnotice}孙俪 领取了 孙俪 的群红包', 'group', 'newnotice', 1570531013),
(2356, '100011', '32', '[表情0]', 'group', 'message', 1570549490),
(2357, '100011', '32', '[表情1]', 'group', 'message', 1570549493),
(2358, '100011', '32', '此消息已撤回', 'group', 'notice', 1570549725),
(2360, '100017', '100018', '我通过了你的好友请求，我们来聊天吧', 'friend', 'message', 1570550580),
(2359, '100011', '32', '此消息已撤回', 'group', 'notice', 1570549741),
(2361, '100017', '100018', '包鸡婆', 'friend', 'message', 1570550596),
(2362, '100017', '100018', '[表情5]', 'friend', 'message', 1570550605),
(2363, '100017', '100018', '[表情5]', 'friend', 'message', 1570550607),
(2364, '100017', '100018', 'voice(//im.h5.lantoukui.com/upload/files/201910/095d9cb387bc71.wav)', 'friend', 'message', 1570550663),
(2365, '100017', '100018', '[表情19][表情19][表情19][表情19][表情19][表情19][表情19][表情19][表情19]', 'friend', 'message', 1570550671),
(2366, '100017', '100018', 'voice(//im.h5.lantoukui.com/upload/files/201910/095d9cb3ec5d5e.wav)', 'friend', 'message', 1570550764),
(2367, '100017', '100018', 'voice(//im.h5.lantoukui.com/upload/files/201910/095d9cb3f05a50.wav)', 'friend', 'message', 1570550768),
(2368, '100018', '100017', 'voice(//im.h5.lantoukui.com/upload/files/201910/095d9cb43b1968.wav)', 'friend', 'message', 1570550843),
(2369, '100018', '100017', 'voice(//im.h5.lantoukui.com/upload/files/201910/095d9cb451b473.wav)', 'friend', 'message', 1570550865),
(2370, '100018', '100017', 'voice(//im.h5.lantoukui.com/upload/files/201910/095d9cb480109f.wav)', 'friend', 'message', 1570550913),
(2371, '100017', '100018', '{nb}{position}[富民社区服务站{|}富民路93号{|}104.899967,25.070912]', 'friend', 'position', 1570550915),
(2372, '100018', '100017', '????', 'friend', 'message', 1570550954),
(2373, '100017', '33', '[简]({POPBASEURI}user/detail/100017) 邀请 [雪]({POPBASEURI}user/detail/100018) 加入了群聊', 'group', 'notice', 1570551027),
(2374, '100017', '33', '[表情5][表情5][表情5][表情5][表情5][表情5][表情5][表情5][表情5][表情5][表情5][表情5][表情5][表情5]', 'group', 'message', 1570551036),
(2375, '100018', '33', '**', 'group', 'message', 1570551041),
(2376, '100017', '33', 'voice(//im.h5.lantoukui.com/upload/files/201910/095d9cb50213b1.wav)', 'group', 'message', 1570551042),
(2377, '100017', '33', 'voice(//im.h5.lantoukui.com/upload/files/201910/095d9cb50c38cd.wav)', 'group', 'message', 1570551052),
(2378, '100017', '33', '草尼吗', 'group', 'message', 1570551057),
(2379, '100018', '33', '神经', 'group', 'message', 1570551062),
(2380, '100017', '33', '[表情5]', 'group', 'message', 1570551075),
(2381, '100018', '33', '傻', 'group', 'message', 1570551077),
(2382, '100018', '33', '逼', 'group', 'message', 1570551081),
(2383, '100018', '33', '![图片](//im.h5.lantoukui.com/upload/images/201910/095d9cb54f62b9.jpeg)', 'group', 'message', 1570551119),
(2384, '100011', '100005', 'voice(//im.h5.lantoukui.com/upload/files/201910/095d9d2c094b59.wav)', 'friend', 'message', 1570581513),
(2385, '100011', '100005', 'voice(//im.h5.lantoukui.com/upload/files/201910/095d9d2c1288c2.wav)', 'friend', 'message', 1570581522),
(2386, '100017', '100019', '我通过了你的好友请求，我们来聊天吧', 'friend', 'message', 1570594876),
(2387, '100019', '34', '[a123]({POPBASEURI}user/detail/100019) 邀请 [简]({POPBASEURI}user/detail/100017) 加入了群聊', 'group', 'notice', 1570594901),
(2388, '100019', '34', '{nb}{position}[undefined{|}undefined{|}undefined]', 'group', 'position', 1570594918),
(2389, '100019', '34', '![图片](//im.h5.lantoukui.com/upload/images/201910/095d9d606defd1.png)', 'group', 'message', 1570594925),
(2390, '100011', '100005', '123', 'friend', 'message', 1570595810),
(2391, '100011', '100005', '32', 'friend', 'message', 1570595822),
(2392, '100011', '100005', '323', 'friend', 'message', 1570595824),
(2393, '100011', '100005', '3', 'friend', 'message', 1570595824),
(2394, '100011', '100005', '1', 'friend', 'message', 1570595825),
(2395, '100011', '100005', '3123', 'friend', 'message', 1570595826),
(2396, '100011', '100005', '34', 'friend', 'message', 1570595838),
(2397, '100011', '100005', '77', 'friend', 'message', 1570595843),
(2398, '100011', '100005', '787', 'friend', 'message', 1570595845),
(2399, '100011', '100005', '7', 'friend', 'message', 1570595845),
(2400, '100011', '100005', '6546', 'friend', 'message', 1570595847),
(2401, '100011', '100005', '36643', 'friend', 'message', 1570595848),
(2402, '100011', '100005', '6', 'friend', 'message', 1570595848),
(2403, '100011', '100005', '34', 'friend', 'message', 1570595848),
(2404, '100011', '100005', '63', 'friend', 'message', 1570595849),
(2405, '100011', '100005', '546', 'friend', 'message', 1570595849),
(2406, '100011', '100005', '5436', 'friend', 'message', 1570595849),
(2407, '100011', '100005', '543', 'friend', 'message', 1570595849),
(2408, '100011', '100005', '63', 'friend', 'message', 1570595849),
(2409, '100011', '100005', '546', 'friend', 'message', 1570595849),
(2410, '100011', '100005', '34', 'friend', 'message', 1570595851),
(2411, '100017', '34', 'file[远程协助工具（向日葵）.exe	6.44 MB](//im.h5.lantoukui.com/upload/files/201910/095d9d67eb214f.exe)', 'group', 'message', 1570596843),
(2412, '100011', '100005', 'HI', 'friend', 'message', 1570596991),
(2413, '100017', '34', '![图片](//im.h5.lantoukui.com/upload/images/201910/095d9d6b980344.jpg)', 'group', 'message', 1570597785),
(2414, '100011', '100005', '3', 'friend', 'message', 1570602157),
(2415, '100011', '100005', '12', 'friend', 'message', 1570602157),
(2416, '100011', '100005', '312', 'friend', 'message', 1570602157),
(2417, '100011', '100005', '3', 'friend', 'message', 1570602157),
(2418, '100011', '100005', '123', 'friend', 'message', 1570602157),
(2419, '100011', '100005', '123', 'friend', 'message', 1570602157),
(2420, '100011', '32', '12', 'group', 'message', 1570602480),
(2421, '100005', '32', '话', 'group', 'message', 1570803877),
(2422, '100005', '32', '1', 'group', 'message', 1570881376),
(2423, '100005', '32', '1', 'group', 'message', 1570881378),
(2424, '100005', '100024', '我通过了你的好友请求，我们来聊天吧', 'friend', 'message', 1570888166),
(2425, '100024', '100005', '1', 'friend', 'message', 1570888922),
(2426, '100024', '100005', '2', 'friend', 'message', 1570889658),
(2427, '100024', '100005', '2', 'friend', 'message', 1570889855),
(2428, '100024', '100005', '3', 'friend', 'message', 1570890191),
(2429, '100024', '100005', '123', 'friend', 'message', 1570890191),
(2430, '100024', '100005', '12', 'friend', 'message', 1570890191),
(2431, '100024', '100005', '312', 'friend', 'message', 1570890192),
(2432, '100024', '100005', '3', 'friend', 'message', 1570890192),
(2433, '100024', '100005', '123', 'friend', 'message', 1570890192),
(2434, '100027', '100024', '我通过了你的好友请求，我们来聊天吧', 'friend', 'message', 1570943087),
(2435, '100027', '100024', '11', 'friend', 'message', 1570943098),
(2436, '100029', '100027', '我通过了你的好友请求，我们来聊天吧', 'friend', 'message', 1570951260),
(2437, '100029', '100027', '你好', 'friend', 'message', 1570951282),
(2438, '100027', '100029', '就是这样聊天', 'friend', 'message', 1570951562),
(2439, '100027', '100029', '在这边聊天', 'friend', 'message', 1570951604),
(2440, '100027', '100029', '{nb}{position}[1点点(名城中心店){|}江滨东大道68号名城中心{|}119.399291,26.019288]', 'friend', 'position', 1570951641),
(2441, '100027', '100029', '明白？', 'friend', 'message', 1570951648),
(2442, '100029', '100027', '就是在这里', 'friend', 'message', 1570951915),
(2443, '100029', '100027', '在哪里加好友？', 'friend', 'message', 1570951949),
(2444, '100027', '100029', '在通讯录那边加', 'friend', 'message', 1570952095),
(2445, '100027', '100029', 'Y@19256我另外一个账号', 'friend', 'message', 1570952120),
(2446, '100027', '100029', '你试加下', 'friend', 'message', 1570952156),
(2447, '100028', '100027', '我通过了你的好友请求，我们来聊天吧', 'friend', 'message', 1570952885),
(2448, '100029', '100027', '不是这样的', 'friend', 'message', 1570977108),
(2449, '100029', '100027', '点击口要在 每个用户名 那里。', 'friend', 'message', 1570977132),
(2450, '100029', '100027', '平台用户与用户相通。这个根本不用注册', 'friend', 'message', 1570977167),
(2451, '100397', '100398', '你的', 'friend', 'message', 1571034250),
(2452, '100029', '100394', '你好', 'friend', 'message', 1571034528),
(2453, '100401', '100402', '啦啦啦', 'friend', 'message', 1571034852),
(2454, '100029', '100391', '你好', 'friend', 'message', 1571035644),
(2455, '100391', '100029', '你好', 'friend', 'message', 1571035923),
(2456, '100029', '100391', '加个微信吧', 'friend', 'message', 1571036075),
(2457, '100391', '100029', '好的', 'friend', 'message', 1571036150),
(2458, '100029', '100407', '你好', 'friend', 'message', 1571036285),
(2459, '100391', '100029', '在', 'friend', 'message', 1571036421),
(2460, '100391', '100408', '12', 'friend', 'message', 1571036487),
(2461, '100029', '100391', '是的', 'friend', 'message', 1571036588),
(2462, '100029', '100391', '![图片](//im.yinchengcasting.com/upload/images/201910/145da41dbe0e09.jpeg)', 'friend', 'message', 1571036607),
(2463, '100029', '100410', '你好', 'friend', 'message', 1571036875),
(2464, '100029', '100171', '你好', 'friend', 'message', 1571036929),
(2465, '100029', '100408', '你好', 'friend', 'message', 1571038436),
(2466, '100029', '100413', '你好', 'friend', 'message', 1571038612),
(2467, '100029', '100399', '[表情2]', 'friend', 'message', 1571038793),
(2468, '100029', '100414', '你好', 'friend', 'message', 1571041549),
(2469, '100415', '100416', '你好，报60岁左右女演员期待合作', 'friend', 'message', 1571043239),
(2470, '100415', '100416', 'file[mmexport1571020993052.jpg	1.07 MB](//im.yinchengcasting.com/upload/files/201910/145da437e1ec08.jpg)', 'friend', 'message', 1571043297),
(2471, '100415', '100416', 'file[1571021001695.mp4	1.35 MB](//im.yinchengcasting.com/upload/files/201910/145da437f5edac.mp4)', 'friend', 'message', 1571043317),
(2472, '100418', '100399', '你好', 'friend', 'message', 1571044492),
(2473, '100029', '100419', '你好', 'friend', 'message', 1571046403),
(2474, '100029', '100391', '收的到嘛', 'friend', 'message', 1571053948),
(2475, '100029', '100437', '你好', 'friend', 'message', 1571102239),
(2476, '100029', '100439', '你好', 'friend', 'message', 1571102310),
(2477, '100029', '100393', '你好', 'friend', 'message', 1571104170),
(2478, '100029', '100393', '在', 'friend', 'message', 1571104178),
(2479, '100029', '100442', '你好', 'friend', 'message', 1571104277),
(2480, '100029', '100443', '你好', 'friend', 'message', 1571104322),
(2481, '100029', '100443', '在嘛', 'friend', 'message', 1571104329),
(2482, '100458', '100459', '您好', 'friend', 'message', 1571134182),
(2483, '100468', '100469', '您好 老师我们这边21-22拍摄一个形象片，请问您有档期吗？', 'friend', 'message', 1571144924),
(2484, '100037', '100477', 'nh', 'friend', 'message', 1571151426),
(2485, '100029', '100488', '你好', 'friend', 'message', 1571191521),
(2486, '100489', '100490', '你好  我是演员子豪  加一下微信吧', 'friend', 'message', 1571192499),
(2487, '100496', '100029', '你好，外地的可以不男', 'friend', 'message', 1571197421),
(2488, '100029', '100496', '你好', 'friend', 'message', 1571219458),
(2489, '100504', '100505', '你好', 'friend', 'message', 1571219487),
(2490, '100504', '100505', '222', 'friend', 'message', 1571219515),
(2491, '100029', '100496', '你要联系 通告上的联系方式', 'friend', 'message', 1571219612),
(2492, '100504', '100505', '[表情3]', 'friend', 'message', 1571220323),
(2493, '100511', '100512', '你好，老师', 'friend', 'message', 1571231647),
(2494, '100005', '100009', '你好', 'friend', 'message', 1571299670),
(2495, '100005', '100009', '[表情1]', 'friend', 'message', 1571299677),
(2496, '100005', '100009', '1', 'friend', 'message', 1571299848),
(2497, '100005', '100009', '[表情2]', 'friend', 'message', 1571299991),
(2498, '100005', '100009', '[表情1]', 'friend', 'message', 1571302670),
(2499, '100005', '100009', '[表情1]', 'friend', 'message', 1571302681),
(2500, '100005', '100009', '[表情7]', 'friend', 'message', 1571302743),
(2501, '100009', '100011', '2', 'friend', 'message', 1571302778),
(2502, '100009', '100011', '[表情2]', 'friend', 'message', 1571302784),
(2503, '100009', '100011', '[表情3]', 'friend', 'message', 1571302797),
(2504, '100005', '100009', '[表情1]', 'friend', 'message', 1571304477),
(2505, '100005', '100009', '[表情1]', 'friend', 'message', 1571304791),
(2506, '100005', '100025', '我通过了你的好友请求，我们来聊天吧', 'friend', 'message', 1571304898),
(2507, '100005', '100025', '2', 'friend', 'message', 1571304923),
(2508, '100005', '100025', '1111', 'friend', 'message', 1571304929),
(2509, '100005', '100025', '111', 'friend', 'message', 1571304946),
(2510, '100005', '100025', '222', 'friend', 'message', 1571304948),
(2511, '100005', '100025', '**', 'friend', 'message', 1571308624),
(2512, '100005', '100025', '[表情1]', 'friend', 'message', 1571309385),
(2513, '100005', '100025', '[表情1]', 'friend', 'message', 1571309729),
(2514, '100005', '100009', '我通过了你的好友请求，我们来聊天吧', 'friend', 'message', 1571309771),
(2515, '100005', '100009', '11', 'friend', 'message', 1571309781),
(2516, '100009', '100005', '22', 'friend', 'message', 1571309789),
(2517, '100009', '100005', '日你妈', 'friend', 'message', 1571309923),
(2518, '100009', '100005', '日男女朋友', 'friend', 'message', 1571309993),
(2519, '100005', '100009', '草拟吗', 'friend', 'message', 1571309994),
(2520, '100009', '100005', '我靠', 'friend', 'message', 1571309999),
(2521, '100005', '100009', '哈玩不', 'friend', 'message', 1571310002),
(2522, '100009', '100005', '不错', 'friend', 'message', 1571310008),
(2523, '100005', '100009', '[表情7]', 'friend', 'message', 1571310012),
(2524, '100005', '100009', '![图片](//im.jintaocms.com/upload/images/201910/175da849c223ae.png)', 'friend', 'message', 1571310019),
(2525, '100009', '100005', '还可以发图', 'friend', 'message', 1571310028),
(2526, '100005', '100009', '你试试发定位给我？', 'friend', 'message', 1571310049),
(2527, '100009', '100005', '![图片](//im.jintaocms.com/upload/images/201910/175da849e5c245.jpg)', 'friend', 'message', 1571310054),
(2528, '100005', '100009', '我配置了1天', 'friend', 'message', 1571310057),
(2529, '100005', '100009', '日他妈的', 'friend', 'message', 1571310059),
(2530, '100009', '100005', '{nb}{position}[万力紫薇香榭{|}渝东南万寿大道北100米{|}108.108681,29.985698]', 'friend', 'position', 1571310066),
(2531, '100009', '100005', '{nb}{position}[黔江鸡杂(寰宇世家店){|}万安街道万寿大道148号(业宇峰){|}108.109218,29.985316]', 'friend', 'position', 1571310076),
(2532, '100005', '100009', '不错', 'friend', 'message', 1571310076),
(2533, '100009', '100005', '不错', 'friend', 'message', 1571310081),
(2534, '100005', '100009', '![图片](//im.jintaocms.com/upload/images/201910/175da84a310f2c.png)', 'friend', 'message', 1571310129),
(2535, '100009', '100005', 'file[market_cate_2.zip	21.54 KB](//im.jintaocms.com/upload/files/201910/175da84a3356be.zip)', 'friend', 'message', 1571310131),
(2536, '100009', '100005', '文件可以', 'friend', 'message', 1571310140),
(2537, '100005', '100009', '是的', 'friend', 'message', 1571310159),
(2538, '100005', '100009', '基本是还是不错了', 'friend', 'message', 1571310164),
(2539, '100005', '100009', '以后我们鞠永这个聊天？', 'friend', 'message', 1571310170),
(2540, '100009', '100005', '拿该有的基本有了', 'friend', 'message', 1571310174),
(2541, '100005', '100009', '嗯', 'friend', 'message', 1571310178),
(2542, '100005', '100009', '应该可整合', 'friend', 'message', 1571310182),
(2543, '100009', '100005', '已经可以了', 'friend', 'message', 1571310199),
(2544, '100009', '100005', '这个定位是电脑操作，还行', 'friend', 'message', 1571310269),
(2545, '100005', '100009', '是的', 'friend', 'message', 1571310345),
(2546, '100005', '100009', '宣传图给你了', 'friend', 'message', 1571310357),
(2547, '100005', '100009', '去宣传宣传？', 'friend', 'message', 1571310360),
(2548, '100005', '100009', '2000元', 'friend', 'message', 1571310367),
(2549, '100009', '100005', '喊多少', 'friend', 'message', 1571310370),
(2550, '100009', '100005', '好', 'friend', 'message', 1571310372),
(2551, '100005', '100009', '主要配置麻烦', 'friend', 'message', 1571310373),
(2552, '100005', '100009', '你介绍一个 500', 'friend', 'message', 1571310378),
(2553, '100005', '100009', '给你你已不会配置', 'friend', 'message', 1571310383),
(2554, '100005', '100009', '我都搞了一天了', 'friend', 'message', 1571310387),
(2555, '100005', '100009', '还要用linux命令安装。。。。', 'friend', 'message', 1571310415),
(2556, '100005', '100009', '日他妈的', 'friend', 'message', 1571310417),
(2557, '100009', '100005', '只要可以对接老版本宝', 'friend', 'message', 1571310419),
(2558, '100005', '100009', '可以', 'friend', 'message', 1571310590),
(2559, '100005', '100009', '[表情7]', 'friend', 'message', 1571310795),
(2560, '100009', '100005', '我才发了，看反响', 'friend', 'message', 1571310898),
(2561, '100005', '100009', '嫩', 'friend', 'message', 1571310970),
(2562, '100005', '100009', '嗯嗯', 'friend', 'message', 1571310971),
(2563, '100009', '100005', '暂时没有人问', 'friend', 'message', 1571311632),
(2564, '100005', '100009', '晕', 'friend', 'message', 1571311639),
(2565, '100005', '100009', '没那么快的啊', 'friend', 'message', 1571311642);

-- --------------------------------------------------------

--
-- 表的结构 `notice`
--

CREATE TABLE `notice` (
  `nid` int(11) NOT NULL,
  `from` int(11) NOT NULL,
  `to` int(11) NOT NULL COMMENT '好友id 或 群主id',
  `type` enum('add_friend','join_group') NOT NULL COMMENT '消息类型加好友或者群组',
  `data` text COMMENT '相关数据',
  `operation` enum('not_operated','refuse','agree') NOT NULL DEFAULT 'not_operated' COMMENT '未操作,拒绝,同意',
  `timestamp` int(13) NOT NULL
) ENGINE=MyISAM DEFAULT CHARSET=utf8 ROW_FORMAT=DYNAMIC;

--
-- 转存表中的数据 `notice`
--

INSERT INTO `notice` (`nid`, `from`, `to`, `type`, `data`, `operation`, `timestamp`) VALUES
(156, 100007, 100005, 'add_friend', '{\"postscript\":\"\\u6211\\u662f\\u5965\\u9edb\\u4e3d\\u8d6b\\u672c\"}', 'agree', 1570178639),
(157, 100010, 100005, 'add_friend', '{\"postscript\":\"\\u6211\\u662f\\u5b8b\\u7956\\u513f\"}', 'agree', 1570178695),
(158, 100010, 100011, 'add_friend', '{\"postscript\":\"\\u6211\\u662f\\u5b8b\\u7956\\u513f\"}', 'agree', 1570178738),
(159, 100011, 100013, 'add_friend', '{\"postscript\":\"\\u6211\\u662f\\u5b59\\u4fea\"}', 'agree', 1570178797),
(160, 100006, 100011, 'add_friend', '{\"postscript\":\"\\u6211\\u662f\\u5173\\u6653\\u5f64\"}', 'agree', 1570178874),
(161, 100008, 100011, 'add_friend', '{\"postscript\":\"\\u6211\\u662f\\u5218\\u8bd7\\u8bd7\"}', 'agree', 1570178934),
(162, 100009, 100011, 'add_friend', '{\"postscript\":\"\\u6211\\u662f\\u621a\\u8587\"}', 'agree', 1570178970),
(163, 100012, 100011, 'add_friend', '{\"postscript\":\"\\u6211\\u662f\\u4f5f\\u4e3d\\u5a05\"}', 'agree', 1570179015),
(164, 100014, 100011, 'add_friend', '{\"postscript\":\"\\u6211\\u662f\\u8d75\\u4e3d\\u9896\"}', 'agree', 1570179086),
(165, 100015, 100011, 'add_friend', '{\"postscript\":\"\\u6211\\u662f\\u5468\\u6167\\u654f\"}', 'agree', 1570179118),
(166, 100011, 100005, 'add_friend', '{\"postscript\":\"\\u6211\\u662f\\u5b59\\u4fea\"}', 'agree', 1570179240),
(167, 100007, 100011, 'add_friend', '{\"postscript\":\"\\u6211\\u662f\\u5965\\u9edb\\u4e3d\\u8d6b\\u672c\"}', 'agree', 1570179282),
(168, 100016, 100011, 'add_friend', '{\"postscript\":\"\\u6211\\u662f\\u6731\\u8335\"}', 'agree', 1570179575),
(169, 100018, 100017, 'add_friend', '{\"postscript\":\"\\u6211\\u662f\\u96ea\"}', 'agree', 1570550564),
(171, 100019, 100017, 'add_friend', '{\"postscript\":\"\\u6211\\u662fa123\"}', 'agree', 1570594874),
(172, 100024, 100005, 'add_friend', '{\"postscript\":\"\\u6211\\u662f\\u5f20\\u98de\"}', 'agree', 1570888148),
(173, 100025, 100005, 'add_friend', '{\"postscript\":\"\\u6211\\u662f\\u5173\\u7fbd\"}', 'agree', 1570890679),
(174, 100024, 100027, 'add_friend', '{\"postscript\":\"\\u6211\\u662f\\u5f20\\u98de\"}', 'agree', 1570943077),
(175, 100027, 100029, 'add_friend', '{\"postscript\":\"\\u6211\\u662f\\u4e1a\\u52a1\\u4ea4\\u6d411\"}', 'agree', 1570950439),
(176, 100027, 100028, 'add_friend', '{\"postscript\":\"\\u6211\\u662f\\u4e1a\\u52a1\\u4ea4\\u6d411\"}', 'agree', 1570952879),
(177, 100009, 100005, 'add_friend', '{\"postscript\":\"\\u6211\\u662f\\u621a\\u8587\"}', 'agree', 1571309761);

-- --------------------------------------------------------

--
-- 表的结构 `setting`
--

CREATE TABLE `setting` (
  `id` int(11) NOT NULL,
  `voice` enum('on','off') DEFAULT 'off' COMMENT '是否开启发送语音',
  `audio` enum('on','off') DEFAULT 'off' COMMENT '是否开启语音实时聊天',
  `video` enum('on','off') DEFAULT 'off' COMMENT '是否开启视频实时聊天',
  `prompt_tone` enum('on','off') DEFAULT 'on' COMMENT '是否开启提示音',
  `group_chat` enum('on','off') DEFAULT 'on' COMMENT '是否开启群聊',
  `private_chat` enum('on','off') DEFAULT 'on' COMMENT '是否开启私聊',
  `add_friend` enum('on','off') DEFAULT 'on' COMMENT '是否允许加好友',
  `create_group` enum('on','off') DEFAULT 'on' COMMENT '是否允许创建群组',
  `upload_file` enum('on','off') DEFAULT 'on' COMMENT '是否允许上传文件',
  `upload_img` enum('on','off') DEFAULT 'on' COMMENT '是否允许上传图片',
  `emoji` enum('on','off') DEFAULT 'on' COMMENT '是否允许发表情',
  `dirty_words` mediumtext COMMENT '过滤这些脏字，逗号分隔',
  `stranger_chat` enum('on','off') DEFAULT 'on' COMMENT '是否允许非好友聊天',
  `appkey` varchar(255) DEFAULT '' COMMENT '与pop-socket通讯的appkey',
  `ws_address` varchar(255) DEFAULT '' COMMENT '与pop-socket通讯的ws地址',
  `appsecret` varchar(255) DEFAULT '' COMMENT '与pop-socket通讯的appsecret',
  `api_address` varchar(255) DEFAULT '' COMMENT '与pop-socket通讯的api地址'
) ENGINE=MyISAM DEFAULT CHARSET=utf8 ROW_FORMAT=DYNAMIC;

--
-- 转存表中的数据 `setting`
--

INSERT INTO `setting` (`id`, `voice`, `audio`, `video`, `prompt_tone`, `group_chat`, `private_chat`, `add_friend`, `create_group`, `upload_file`, `upload_img`, `emoji`, `dirty_words`, `stranger_chat`, `appkey`, `ws_address`, `appsecret`, `api_address`) VALUES
(3, 'on', 'off', 'off', 'on', 'on', 'on', 'on', 'on', 'on', 'on', 'on', '傻逼', 'on', '5f88825c28c56763eb0d8b270646e4b1', 'wss://im.jintaocms.com:443', 'a2a906fe997867135886e5c4f62b03d2', 'http://127.0.0.1:2060');

-- --------------------------------------------------------

--
-- 表的结构 `user`
--

CREATE TABLE `user` (
  `uid` int(11) NOT NULL,
  `username` varchar(100) COLLATE utf8mb4_unicode_ci NOT NULL COMMENT '登录名',
  `nickname` varchar(256) COLLATE utf8mb4_unicode_ci NOT NULL COMMENT '昵称',
  `avatar` varchar(1024) COLLATE utf8mb4_unicode_ci NOT NULL COMMENT '头像',
  `sign` varchar(256) COLLATE utf8mb4_unicode_ci NOT NULL COMMENT '个性签名',
  `password` varchar(100) COLLATE utf8mb4_unicode_ci NOT NULL COMMENT '密码',
  `safepassword` varchar(100) COLLATE utf8mb4_unicode_ci NOT NULL,
  `state` enum('offline','online') COLLATE utf8mb4_unicode_ci NOT NULL DEFAULT 'offline' COMMENT 'offline: 离线 ,online : 在线',
  `logout_timestamp` int(11) NOT NULL COMMENT '离线时间',
  `timestamp` int(11) NOT NULL DEFAULT '0' COMMENT '注册时间',
  `account_state` enum('normal','disabled') COLLATE utf8mb4_unicode_ci NOT NULL DEFAULT 'normal' COMMENT '账户状态'
) ENGINE=MyISAM DEFAULT CHARSET=utf8mb4 COLLATE=utf8mb4_unicode_ci ROW_FORMAT=DYNAMIC;

--
-- 转存表中的数据 `user`
--

INSERT INTO `user` (`uid`, `username`, `nickname`, `avatar`, `sign`, `password`, `safepassword`, `state`, `logout_timestamp`, `timestamp`, `account_state`) VALUES
(100005, 'fbb', '范冰冰', '//im.h5.lantoukui.com/upload/avatars/5/100005/045d9704ef4759.jpg', '范冰冰', 'b5b5a68f0822e50b511aea08c9f4b7c7', 'b5b5a68f0822e50b511aea08c9f4b7c7', 'offline', 0, 1570177863, 'normal'),
(100006, 'gxt', '关晓彤', '//im.h5.lantoukui.com/upload/avatars/6/100006/045d970743115f.jpg', '关晓彤', '855173504e7427136e57562594d4df16', '', 'offline', 0, 1570177918, 'normal'),
(100007, 'adlhb', '奥黛丽赫本', '//im.h5.lantoukui.com/upload/avatars/7/100007/045d970661cbc0.jpg', '奥黛丽赫本', 'd327548917e538c306bef8224b9cb9d6', '', 'offline', 0, 1570177949, 'normal'),
(100008, 'lss', '刘诗诗', '//im.h5.lantoukui.com/upload/avatars/8/100008/045d97077dd881.jpg', '刘诗诗', 'dc6ae95cc60a239e47b1fab3c3f3f868', '', 'offline', 0, 1570177978, 'normal'),
(100009, 'qw', '戚薇', '//im.h5.lantoukui.com/upload/avatars/9/100009/045d9707924f09.jpg', '戚薇', '71aad826e38b6857f69c31fa672bfe17', '', 'offline', 0, 1570178009, 'normal'),
(100010, 'sze', '宋祖儿', '//im.h5.lantoukui.com/upload/avatars/10/100010/045d970695dbc7.jpg', '宋祖儿', '8606659e9be3b6e2d9db02f73a87f294', '', 'offline', 0, 1570178045, 'normal'),
(100011, 'sl', '孙俪', '//im.h5.lantoukui.com/upload/avatars/11/100011/045d9706deaa93.jpg', '孙俪', '8d3b01d924eef8f1899745ab6ce2ac50', 'a2f404b855cc7c32cf7775effc1b7ae9', 'offline', 0, 1570178070, 'normal'),
(100012, 'tly', '佟丽娅', '//im.h5.lantoukui.com/upload/avatars/12/100012/045d9707becbc3.jpg', '佟丽娅', 'c54e7b412904c5324270f487eff34c4e', '', 'offline', 0, 1570178096, 'normal'),
(100013, 'zyy', '张韵艺', '//im.h5.lantoukui.com/upload/avatars/13/100013/045d9707eb5d61.jpg', '张韵艺', '6091455406d8928bb6533e67d7dc6509', '', 'offline', 0, 1570178128, 'normal'),
(100014, 'zly', '赵丽颖', '//im.h5.lantoukui.com/upload/avatars/14/100014/045d9708019e36.jpeg', '赵丽颖', '306e0885a1be9c97de43ca9513d2648b', '', 'offline', 0, 1570178160, 'normal'),
(100015, 'zhm', '周慧敏', '//im.h5.lantoukui.com/upload/avatars/15/100015/045d970821ad13.jpg', '周慧敏', 'd2f6c647bdc849404d5b1f7e9f00d0d0', '', 'offline', 0, 1570178188, 'normal'),
(100016, 'zy', '朱茵', '//im.h5.lantoukui.com/upload/avatars/16/100016/045d9708410247.jpg', '朱茵', 'eca303a300f2edb38d3650ae077b7108', '', 'offline', 0, 1570178243, 'normal'),
(100026, 'Y@18959986631', '', '', '', '5436f0c4a5d12c0b8f1df93349d1f7e6', '', 'offline', 0, 1570891256, 'normal'),
(100027, 'Y@19206', '业务交流1', 'https://www.yinchengcasting.com/data/logo/20170418/14922051316.PNG', '', 'b478cc4cbcf62cd74d56c98673f15aa5', '', 'offline', 0, 1570942748, 'normal'),
(100025, 'Y@13910985132', '关羽', 'https://www.yinchengcasting.com/data/logo/20170418/14922051316.PNG', '张飞在此', '54237ad907eb654a4bed0cf12c3cf83b', '', 'offline', 0, 1570890505, 'normal'),
(100024, 'Y@13910985131', '张飞', 'https://www.yinchengcasting.com/data/logo/20170418/14922051316.PNG', '张飞在此', 'e2f1dbbb546126f6f038311f4b98e77e', '', 'offline', 0, 1570888082, 'normal'),
(100028, 'Y@19256', '木秀于林，峰必摧之！f45f', 'https://www.yinchengcasting.com/data/logo/20170418/14922051316.PNG', '', '5d71f018ada7d47c94a4c48357cac463', '', 'offline', 0, 1570943050, 'normal'),
(100029, 'Y@15814', '阿承（上海）185162700112aeb', 'https://www.yinchengcasting.com/data/logo/20170418/14922051316.PNG', '18516270011', '52ad5708c57c632e3f0bf35435aa8b52', '', 'offline', 0, 1570944796, 'normal'),
(100030, 'Y@', '', 'https://www.yinchengcasting.com/data/logo/20170418/14922051316.PNG', '', 'e5b3c1511336befa179105d390a89b3b', '', 'offline', 0, 1570947289, 'normal'),
(100031, 'Y@15187', '', '', '', 'd7e1de4d835c38a84c92a046584ef489', '', 'offline', 0, 1570983608, 'normal'),
(100032, 'Y@20274', '', '', '', 'eb21cc0c17e4de7e85be867e3c4fcbf1', '', 'offline', 0, 1570983660, 'normal'),
(100033, 'Y@21559', '', '', '', '8a965ed6661cc5e4471bb4ce1151faf8', '', 'offline', 0, 1570983810, 'normal'),
(100034, 'Y@21181', '', '', '', '664fc52b89a9c1663b554de24a961dbb', '', 'offline', 0, 1570984238, 'normal'),
(100035, 'Y@28125', '', '', '', 'c0067f9fa5b6ef00cb6dbf0f175eeb0e', '', 'offline', 0, 1570984286, 'normal'),
(100036, 'Y@20420', '', '', '', 'bf3727626220ad67084a2ffd276a8223', '', 'offline', 0, 1570984707, 'normal'),
(100037, 'Y@30773', 'X.D5ece', '', '', '6f4994574b28b459e9dd87a48a79b2fc', '', 'offline', 0, 1570984807, 'normal'),
(100038, 'Y@20071', '', '', '', 'e55fcf094c936f45aee77a69b8e24bab', '', 'offline', 0, 1570984832, 'normal'),
(100039, 'Y@19702', '', '', '', '3a8f6063fcb0a21984139961630248cb', '', 'offline', 0, 1570984991, 'normal'),
(100040, 'Y@2036', '', '', '', '27328a25a4a88fd5c7e45083d51f948b', '', 'offline', 0, 1570985080, 'normal'),
(100041, 'Y@21053', '', '', '', 'df34ea53de1ef6225f8335c7e27add8b', '', 'offline', 0, 1570985174, 'normal'),
(100042, 'Y@21404', '', '', '', 'ad1a32cdaa5296883dfd9df75a78ec81', '', 'offline', 0, 1570985262, 'normal'),
(100043, 'Y@12798', '', '', '', '6031c15aad1f495314a72adfa6d50168', '', 'offline', 0, 1570985356, 'normal'),
(100044, 'Y@20438', '', '', '', '0416f4b813af4b8e44fbbedceb18bfd4', '', 'offline', 0, 1570985447, 'normal'),
(100045, 'Y@22178', '', '', '', '2f9fe64be2216a3c8d514c7987f856bc', '', 'offline', 0, 1570985628, 'normal'),
(100046, 'Y@9382', '', '', '', '077731d56bd2db3f5bc55e4c7192f8f1', '', 'offline', 0, 1570985718, 'normal'),
(100047, 'Y@21109', '', '', '', '22a62f429c33cf9d6adaffd2c03c829e', '', 'offline', 0, 1570985778, 'normal'),
(100048, 'Y@21560', '', '', '', '96a111e31d0773f6e32d9ac05b1562fa', '', 'offline', 0, 1570985813, 'normal'),
(100049, 'Y@28064', '', '', '', 'a684f777027eb7ba1b1da4ffdf9e22ca', '', 'offline', 0, 1570985850, 'normal'),
(100050, 'Y@18740', '', '', '', '07b7904efa7150540fed34de6f3740dc', '', 'offline', 0, 1570985889, 'normal'),
(100051, 'Y@20483', '', '', '', 'c898b1a81e4c27f3e137329fb70d5c22', '', 'offline', 0, 1570985925, 'normal'),
(100052, 'Y@30768', '', '', '', '290a3e2e1772941144175057b85d15be', '', 'offline', 0, 1570985965, 'normal'),
(100053, 'Y@20638', '', '', '', '4ac2eb1cadb969e9103b88c983ca6360', '', 'offline', 0, 1570986002, 'normal'),
(100054, 'Y@28068', '', '', '', 'aafea9de25c29f7fbda7e079a318ac24', '', 'offline', 0, 1570986038, 'normal'),
(100055, 'Y@18744', '', '', '', 'd4df8b9c16890ee65d3feff2542b127a', '', 'offline', 0, 1570986076, 'normal'),
(100056, 'Y@23235', '', '', '', '3e1fa04733c56222162c8d09ef9e2873', '', 'offline', 0, 1570986116, 'normal'),
(100057, 'Y@20644', '', '', '', '19d7e9fe75daaa5eccd33e389d4d3aab', '', 'offline', 0, 1570986151, 'normal'),
(100058, 'Y@20499', '', '', '', '778cad87cbecb37222bd69609cf0f2cb', '', 'offline', 0, 1570986190, 'normal'),
(100059, 'Y@21429', '', '', '', 'f442ad4783315393bd3720fa0c9a4658', '', 'offline', 0, 1570986225, 'normal'),
(100060, 'Y@23069', '', '', '', 'a88ef3753f55c0d729e6b9f50da30e31', '', 'offline', 0, 1570986265, 'normal'),
(100061, 'Y@19614', '', '', '', '320f48d82a6f58ed1758e026ccf936df', '', 'offline', 0, 1570986381, 'normal'),
(100062, 'Y@23146', '', '', '', 'b5151994fb70eb64e6a58fec9721f6ed', '', 'offline', 0, 1570986418, 'normal'),
(100063, 'Y@13390', '', '', '', 'a5656974e02bd0b86229f48364562640', '', 'offline', 0, 1570986457, 'normal'),
(100064, 'Y@21288', '', '', '', '56410083cab75d18a32e3eae2e60641f', '', 'offline', 0, 1570987776, 'normal'),
(100065, 'Y@21564', '', '', '', 'd3a9a72595e1a86407c263be9efe3b86', '', 'offline', 0, 1570987804, 'normal'),
(100066, 'Y@21393', '', '', '', '9457fab0d3ad2ab1026ff4b33ad1731d', '', 'offline', 0, 1570987834, 'normal'),
(100067, 'Y@13675', '', '', '', '8725d54fdb62322021315f0f3b418907', '', 'offline', 0, 1570987862, 'normal'),
(100068, 'Y@21401', '', '', '', '39435081f1673c25c3e4dc753510210d', '', 'offline', 0, 1570987890, 'normal'),
(100069, 'Y@30076', '', '', '', 'ee31299c92eb15f06748c2b6bfbdf07c', '', 'offline', 0, 1570988001, 'normal'),
(100070, 'Y@13169', '', '', '', '83caa01c69344ebc24c9276b8bbb9a7c', '', 'offline', 0, 1570988031, 'normal'),
(100071, 'Y@12849', '', '', '', '5159456a14862772f27dcb594b7f44db', '', 'offline', 0, 1570988061, 'normal'),
(100072, 'Y@17981', '', '', '', '4b63e1cb17a0ad871a61d32cc2fb643c', '', 'offline', 0, 1570988594, 'normal'),
(100073, 'Y@12390', '', '', '', '8c3d68e5852440375042a902e86b7779', '', 'offline', 0, 1570988624, 'normal'),
(100074, 'Y@28402', '', '', '', 'ddb146319979475a59f14871326dc9bc', '', 'offline', 0, 1570988651, 'normal'),
(100075, 'Y@6171', '', '', '', '19ef7fa08fc9655f4f7f7b14ec99c18e', '', 'offline', 0, 1570988683, 'normal'),
(100076, 'Y@22241', '', '', '', 'a71876a15b540e28b3e9eb376b08d2b8', '', 'offline', 0, 1570988713, 'normal'),
(100077, 'Y@9237', '', '', '', '908ab6ff705b5b03d3f80b40735cfa77', '', 'offline', 0, 1570988738, 'normal'),
(100078, 'Y@28075', '', '', '', 'a52cd1eea812347bcb9fecd603e51f33', '', 'offline', 0, 1570988767, 'normal'),
(100079, 'Y@12448', '', '', '', '2bcc2ea7ef93763b1e91d56929832470', '', 'offline', 0, 1570988795, 'normal'),
(100080, 'Y@12774', '', '', '', '9792ab996b609dd7627a7eae47d2a703', '', 'offline', 0, 1570988832, 'normal'),
(100081, 'Y@28019', '', '', '', '339a27a4d19140bde94351efdf8cb3e3', '', 'offline', 0, 1570988862, 'normal'),
(100082, 'Y@6378', '', '', '', '3ac3b95eca0f098d7d65f9f89d68666e', '', 'offline', 0, 1570988888, 'normal'),
(100083, 'Y@23055', '', '', '', '3bee3b92898b735678dc7af9b4b02a8e', '', 'offline', 0, 1570988916, 'normal'),
(100084, 'Y@18433', '', '', '', '1f68d5252d8ee20e859a953c219d1247', '', 'offline', 0, 1570988948, 'normal'),
(100085, 'Y@2677', '', '', '', 'b44d8210601a4212431344f579e15b63', '', 'offline', 0, 1570988981, 'normal'),
(100086, 'Y@11260', '', '', '', '0f305bc98d90d861ae49d02b0a49318d', '', 'offline', 0, 1570989008, 'normal'),
(100087, 'Y@20010', '', '', '', '848ea8bf07b000fec5ddf8e4dcf3f07f', '', 'offline', 0, 1570989037, 'normal'),
(100088, 'Y@19800', '', '', '', '887d109aa6b4f8d59a2dbcc4d6c19359', '', 'offline', 0, 1570989066, 'normal'),
(100089, 'Y@2699', '', '', '', 'd30a89e79d6b0dc983a710ae7edd14d9', '', 'offline', 0, 1570989095, 'normal'),
(100090, 'Y@4298', '', '', '', 'b6406bf04fca0e09036a7d3be6da9286', '', 'offline', 0, 1570989131, 'normal'),
(100091, 'Y@14306', '', '', '', 'aeb5ffe9cb71a0bb6d6a3298660a9b91', '', 'offline', 0, 1570989158, 'normal'),
(100092, 'Y@21311', '', '', '', '51e8070245e2e9938628322a2532a024', '', 'offline', 0, 1570989187, 'normal'),
(100093, 'Y@20551', '', '', '', 'bfccff7a183a2004970119ba709f2c70', '', 'offline', 0, 1570989216, 'normal'),
(100094, 'Y@19805', '', '', '', 'd18df2264ab316650dbf76676f6e34da', '', 'offline', 0, 1570989243, 'normal'),
(100095, 'Y@7104', '', '', '', '9425101e2e3a5ff2f0b7c6dd6818407c', '', 'offline', 0, 1570989277, 'normal'),
(100096, 'Y@3933', '', '', '', '20ea6452e7b6f13277001d9b1e490b75', '', 'offline', 0, 1570989306, 'normal'),
(100097, 'Y@23010', '', '', '', 'f1a047cf4d2883e83ff26fb9e81a1eaa', '', 'offline', 0, 1570989334, 'normal'),
(100098, 'Y@17684', '', '', '', '0284620659fae12d691213dc6538f4df', '', 'offline', 0, 1570989363, 'normal'),
(100099, 'Y@23056', '', '', '', '20e6ac168d0bae4cefba5022c865d8d6', '', 'offline', 0, 1570989391, 'normal'),
(100100, 'Y@19682', '', '', '', 'cd8fa973bc19b95d1a7404484f432643', '', 'offline', 0, 1570989429, 'normal'),
(100101, 'Y@17965', '', '', '', '69e575b5644329990484b928dd5377ee', '', 'offline', 0, 1570989455, 'normal'),
(100102, 'Y@11286', '', '', '', '3abc0012ba8677dfbbfabef8cdd0ad70', '', 'offline', 0, 1570989483, 'normal'),
(100103, 'Y@11881', '', '', '', '38d0d8ce41570e7bd7caa336c2512b1b', '', 'offline', 0, 1570989513, 'normal'),
(100104, 'Y@28342', '', '', '', 'f309e86a193b3dbb40828ccb6acb1fad', '', 'offline', 0, 1570989540, 'normal'),
(100105, 'Y@28193', '', '', '', '48151b9d74e2c3249171034903bdf884', '', 'offline', 0, 1570989576, 'normal'),
(100106, 'Y@17968', '', '', '', '3dedb27cb733279eee00746e2b7264bb', '', 'offline', 0, 1570989604, 'normal'),
(100107, 'Y@5921', '', '', '', '0b003e206a718ab2c525013b1f65b259', '', 'offline', 0, 1570989633, 'normal'),
(100108, 'Y@1579', '', '', '', 'c44731851611bea4b352bcf13f1195fb', '', 'offline', 0, 1570989661, 'normal'),
(100109, 'Y@19555', '', '', '', '696daa18fe3f9074562564ecd8a0430d', '', 'offline', 0, 1570989689, 'normal'),
(100110, 'Y@19935', '', '', '', '48d315e97f1f87b1a1c4074e57820a0f', '', 'offline', 0, 1570989726, 'normal'),
(100111, 'Y@20070', '', '', '', '1355d2f3a2d3f4fead969ceb0e1f6386', '', 'offline', 0, 1570989753, 'normal'),
(100112, 'Y@28073', '', '', '', 'daa6d932eb06f911e14e6a942c382dc5', '', 'offline', 0, 1570989782, 'normal'),
(100113, 'Y@19590', '', '', '', '4153eef5b1e0f7fb913414349db674b0', '', 'offline', 0, 1570989812, 'normal'),
(100114, 'Y@10782', '', '', '', '1ed020bd9ca86c709727e61e63a61da1', '', 'offline', 0, 1570989839, 'normal'),
(100115, 'Y@19816', '', '', '', '4b518be257d7c07891d7a1039f5c7720', '', 'offline', 0, 1570989873, 'normal'),
(100116, 'Y@23073', '', '', '', 'a37d9060535470f421680703506c4f3d', '', 'offline', 0, 1570989902, 'normal'),
(100117, 'Y@18853', '', '', '', 'cedf9d22edca738378b1d8fffdc3741f', '', 'offline', 0, 1570989923, 'normal'),
(100118, 'Y@20086', '', '', '', '80859c11eacebe85b65cdc5dcee9bd26', '', 'offline', 0, 1570989946, 'normal'),
(100119, 'Y@29411', '', '', '', '09fe107d3924738bf78e733f2b8cda4c', '', 'offline', 0, 1570989965, 'normal'),
(100120, 'Y@12357', '', '', '', '51464e8fc68f9d9dca84b0f3e593daf1', '', 'offline', 0, 1570990022, 'normal'),
(100121, 'Y@21257', '', '', '', 'e921dc14644e27f16e198b240ec3dc57', '', 'offline', 0, 1570990044, 'normal'),
(100122, 'Y@21016', '', '', '', 'f626fd64c7f06f7ae7621bac15e1da82', '', 'offline', 0, 1570990064, 'normal'),
(100123, 'Y@21268', '', '', '', '3c3f3fc1e71f07dd0a8c0ce78cc30570', '', 'offline', 0, 1570990086, 'normal'),
(100124, 'Y@19788', '', '', '', 'd481d6990072e2fae871a3b7dc685498', '', 'offline', 0, 1570990107, 'normal'),
(100125, 'Y@20850', '', '', '', 'f420d16878776f7f6059fc4942edf646', '', 'offline', 0, 1570990174, 'normal'),
(100126, 'Y@19635', '', '', '', '64b731004d7b540dcc3e1ea0fd1d20aa', '', 'offline', 0, 1570990194, 'normal'),
(100127, 'Y@23234', '', '', '', '465a75e35cb15a82b0950ac1e7c850df', '', 'offline', 0, 1570990215, 'normal'),
(100128, 'Y@16271', '', '', '', 'd6599dbdd8cc7fe29c4243ad96b0a6e9', '', 'offline', 0, 1570990230, 'normal'),
(100129, 'Y@18289', '', '', '', '813b07bb37b09a62e0e8bfdf03f29421', '', 'offline', 0, 1570990321, 'normal'),
(100130, 'Y@22961', '', '', '', 'f1de65c446b70e66675b9b92a0153aef', '', 'offline', 0, 1570990338, 'normal'),
(100131, 'Y@22272', '', '', '', '7ce075976f0bc336aac588ccb6918c66', '', 'offline', 0, 1570990355, 'normal'),
(100132, 'Y@20117', '', '', '', '031612399d41ae928f4d6a41036ff80f', '', 'offline', 0, 1570990372, 'normal'),
(100133, 'Y@30852', 'Randy Xied499', '', '', 'eca4682aa29a38e63036112d2fde12d3', '', 'offline', 0, 1570992591, 'normal'),
(100134, 'Y@21135', '', '', '', '6972db1b22a1bc2de222abec758c0ea8', '', 'offline', 0, 1570996059, 'normal'),
(100135, 'Y@19553', '', '', '', '609931aed7b2d01c9b946467f777ea5d', '', 'offline', 0, 1570996284, 'normal'),
(100136, 'Y@15104', '', '', '', '4d224e54ebfab41c26e30ce194e99e06', '', 'offline', 0, 1570996340, 'normal'),
(100137, 'Y@1367', '', '', '', 'e3c62213f894baaa51c1de22e10301fb', '', 'offline', 0, 1570996361, 'normal'),
(100138, 'Y@15650', '', '', '', 'e50f5e3c44b89719923f9e9bed20274b', '', 'offline', 0, 1570996377, 'normal'),
(100139, 'Y@9533', '', '', '', '7b33fda991dc37230db5241e3609b5bd', '', 'offline', 0, 1570996399, 'normal'),
(100140, 'Y@10583', '', '', '', 'e685c10bdaaf98af0dc9186a5ce62fbd', '', 'offline', 0, 1570996416, 'normal'),
(100141, 'Y@12465', '', '', '', '01694c2259338433f2fcaccf318d2a49', '', 'offline', 0, 1570996431, 'normal'),
(100142, 'Y@1862', '', '', '', '3843541b7c1beff0717d540a66e065da', '', 'offline', 0, 1570996459, 'normal'),
(100143, 'Y@12921', '', '', '', '0ec34eae6e15c4748cabd29519640657', '', 'offline', 0, 1570996474, 'normal'),
(100144, 'Y@12635', '', '', '', '9d1cad341745e0ed2c4ab0fa4a11997b', '', 'offline', 0, 1570996491, 'normal'),
(100145, 'Y@13381', '', '', '', 'ad140f3e819922d1ae2c693801195bd9', '', 'offline', 0, 1570996507, 'normal'),
(100146, 'Y@11284', '', '', '', '548b1c9948004b9709bb3341bb35a855', '', 'offline', 0, 1570996535, 'normal'),
(100147, 'Y@16076', '', '', '', '6958d78aa0876ba0ffcaddf69e95950e', '', 'offline', 0, 1570996566, 'normal'),
(100148, 'Y@29683', '', '', '', '5165afc0a15ab7b6da54155d36ec9cd6', '', 'offline', 0, 1570996592, 'normal'),
(100149, 'Y@29684', '', '', '', '336ca60fa1f551f18a724e9854f82fff', '', 'offline', 0, 1570996622, 'normal'),
(100150, 'Y@21454', '', '', '', 'fcc2c88c1a42f1f52576a6bf8c26f550', '', 'offline', 0, 1570996649, 'normal'),
(100151, 'Y@22637', '', '', '', '9f0210ea3c911bb36bd34aedbcb36677', '', 'offline', 0, 1570997297, 'normal'),
(100152, 'Y@18544', '', '', '', '14b6e654f5b21967db9492947b898e3c', '', 'offline', 0, 1570998215, 'normal'),
(100153, 'Y@17982', '', '', '', '4f87d3b7b5c40c2b2e3699969c6ec130', '', 'offline', 0, 1570998248, 'normal'),
(100154, 'Y@16694', '', '', '', 'd48b9e85f02bd5e3636b01b2942ccbdf', '', 'offline', 0, 1570998273, 'normal'),
(100155, 'Y@21112', '', '', '', 'ab5358d9935c3603faba873538920f37', '', 'offline', 0, 1570998302, 'normal'),
(100156, 'Y@9537', '', '', '', '946c7ff6914d4cb91aee9c1b3e816f38', '', 'offline', 0, 1570998332, 'normal'),
(100157, 'Y@11980', '', '', '', '87decc58b4d7bd47440df6ba1ef1d299', '', 'offline', 0, 1570998360, 'normal'),
(100158, 'Y@12055', '', '', '', 'aeddbc39736da5351a2529d3ad0370eb', '', 'offline', 0, 1570998390, 'normal'),
(100159, 'Y@20802', '', '', '', 'adfde890650f58947b8ad99186ffe63a', '', 'offline', 0, 1570998419, 'normal'),
(100160, 'Y@28399', '', '', '', 'e6fac22376be2add8a746bf95edfa531', '', 'offline', 0, 1570998447, 'normal'),
(100161, 'Y@2071', '', '', '', '525f33ac6c6e68851e2665f8176ef0b9', '', 'offline', 0, 1570998481, 'normal'),
(100162, 'Y@28440', '', '', '', '4e302624f38ee9bd7c83d34cc91760fc', '', 'offline', 0, 1570998515, 'normal'),
(100163, 'Y@12704', '', '', '', '1e3b1d444a5ea6d19069279ed1f50ec6', '', 'offline', 0, 1570998538, 'normal'),
(100164, 'Y@23011', '', '', '', '99c5794e96ef41a99773dfd2bce1c95a', '', 'offline', 0, 1570998566, 'normal'),
(100165, 'Y@22235', '', '', '', '7f554411c9f699c86b6d43fe24903397', '', 'offline', 0, 1570998605, 'normal'),
(100166, 'Y@2560', '', '', '', '9d02fa79ac030d0525d406fb7c71c0e6', '', 'offline', 0, 1570998633, 'normal'),
(100167, 'Y@19639', '', '', '', '266969b368dd580cd1b5ad12645ad1fe', '', 'offline', 0, 1570998676, 'normal'),
(100168, 'Y@20991', '', '', '', '224e6862ea2eeb359b1d810664b6167e', '', 'offline', 0, 1570998697, 'normal'),
(100169, 'Y@20782', '', '', '', '914bce2e3532b98c07abee2505c184bf', '', 'offline', 0, 1570998719, 'normal'),
(100170, 'Y@8833', '', '', '', 'adf5068c7bcf5af2bb6d55d96ef5599f', '', 'offline', 0, 1570998778, 'normal'),
(100171, 'Y@1916', '', '', '', 'c89f4b3c394ccea459da023dac4ef137', '', 'offline', 0, 1570998799, 'normal'),
(100172, 'Y@19798', '', '', '', '0fcce63adf7eb95bc93dcfdae5b1620b', '', 'offline', 0, 1570998823, 'normal'),
(100173, 'Y@19932', '', '', '', 'd4e8c82f61f2cb3639c291d9945911b4', '', 'offline', 0, 1570998844, 'normal'),
(100174, 'Y@28472', '', '', '', 'fa948adc16da2b3d201346a2ec36165f', '', 'offline', 0, 1570998865, 'normal'),
(100175, 'Y@20083', '', '', '', '33d6bf8138762778c1288d910efceb4b', '', 'offline', 0, 1570998929, 'normal'),
(100176, 'Y@9121', '', '', '', '8060ce70dff958fe1aa6b5adc7343962', '', 'offline', 0, 1570998946, 'normal'),
(100177, 'Y@8909', '', '', '', '2fc5c016655d7d1aab42d2c82b9c5fb6', '', 'offline', 0, 1570998963, 'normal'),
(100178, 'Y@28962', '', '', '', '7eac78e2515ecfbde6ecd352c7a1afbe', '', 'offline', 0, 1570998980, 'normal'),
(100179, 'Y@21660', '', '', '', 'b8ffb822ae11dc57b8280a12062112fc', '', 'offline', 0, 1570998997, 'normal'),
(100180, 'Y@8831', '', '', '', '1790770936c7c0243dcaa5efcbb4a46f', '', 'offline', 0, 1570999077, 'normal'),
(100181, 'Y@11841', '', '', '', '71b4be8811011a90c83316fc5aa163be', '', 'offline', 0, 1570999098, 'normal'),
(100182, 'Y@13674', '', '', '', '76c8a47d2a91492f722efe26d83f8d99', '', 'offline', 0, 1570999114, 'normal'),
(100183, 'Y@11736', '', '', '', '7c7ea6e2a0a534852bd36536eef57d70', '', 'offline', 0, 1570999131, 'normal'),
(100184, 'Y@20104', '', '', '', '509982b753b0fa176e5481828a785167', '', 'offline', 0, 1570999152, 'normal'),
(100185, 'Y@6086', '', '', '', 'ae4c4ce0988c4eb24716366b398c0bb6', '', 'offline', 0, 1570999182, 'normal'),
(100186, 'Y@29635', '', '', '', 'b5788431a628afd8bc38a08a23a70dca', '', 'offline', 0, 1570999192, 'normal'),
(100187, 'Y@11292', '', '', '', 'ced9b7a7e82ebf8100087203f8d17771', '', 'offline', 0, 1570999212, 'normal'),
(100188, 'Y@23233', '', '', '', '9e325243ae279e3860db996fbbfb0f95', '', 'offline', 0, 1570999229, 'normal'),
(100189, 'Y@11181', '', '', '', 'f72652d6ed76511ef76d211f4ab2c80c', '', 'offline', 0, 1570999247, 'normal'),
(100190, 'Y@18453', '', '', '', '1f0a38563b703e7fa59b55f3a6cb9441', '', 'offline', 0, 1570999275, 'normal'),
(100191, 'Y@17980', '', '', '', 'febdb956c75d6cf44e380b48376c2835', '', 'offline', 0, 1570999291, 'normal'),
(100192, 'Y@21310', '', '', '', '4cc158adda12e88f9a6fa8dc0ceffb83', '', 'offline', 0, 1570999309, 'normal'),
(100193, 'Y@20089', '', '', '', 'c94193ca17972c2a49366cd46ef104fb', '', 'offline', 0, 1570999324, 'normal'),
(100194, 'Y@1660', '', '', '', '7728fec9d7a05d765272e454b42b9018', '', 'offline', 0, 1570999345, 'normal'),
(100195, 'Y@30501', '', '', '', '86eec35e1c0985fe2082a08f5d11844a', '', 'offline', 0, 1570999373, 'normal'),
(100196, 'Y@8493', '', '', '', 'f1a0cd536a1377b684dc7939421722c0', '', 'offline', 0, 1570999391, 'normal'),
(100197, 'Y@20102', '', '', '', '508e8c98f99b124c9138ed0cd1bf61e2', '', 'offline', 0, 1570999408, 'normal'),
(100198, 'Y@30769', '', '', '', '233f6712dd6a46d8198c65a65585cc72', '', 'offline', 0, 1570999427, 'normal'),
(100199, 'Y@23615', '', '', '', 'dd03ced51c2646ed8323675ba7fbfe0a', '', 'offline', 0, 1570999442, 'normal'),
(100200, 'Y@20440', '', '', '', '856922a6dde56c2c2cb4826186227c18', '', 'offline', 0, 1570999472, 'normal'),
(100201, 'Y@28869', '', '', '', '6fbac14d288e1b89b4be2601a5efad23', '', 'offline', 0, 1570999489, 'normal'),
(100202, 'Y@28712', '', '', '', '7704c4c03ce2fd77731e72ccaa281777', '', 'offline', 0, 1570999509, 'normal'),
(100203, 'Y@10558', '', '', '', 'e109374bed3cbaef96ffc21896d4a9fb', '', 'offline', 0, 1570999529, 'normal'),
(100204, 'Y@14269', '', '', '', 'bdd7f9bac87309f7e5fa844a2fbd3915', '', 'offline', 0, 1570999546, 'normal'),
(100205, 'Y@21661', '', '', '', 'ed9aad1407e87145d555880b3c23dc61', '', 'offline', 0, 1570999575, 'normal'),
(100206, 'Y@20329', '', '', '', '80f666954c40169ba1e01088a949afb4', '', 'offline', 0, 1570999594, 'normal'),
(100207, 'Y@28724', '', '', '', '3431ccc26f63fc0fd9ca256127bc9a45', '', 'offline', 0, 1570999614, 'normal'),
(100208, 'Y@21255', '', '', '', 'c65bdd1015d4112e725b3691f929449a', '', 'offline', 0, 1570999632, 'normal'),
(100209, 'Y@28154', '', '', '', 'd18c91d8ef54ed00334d637986652b37', '', 'offline', 0, 1570999650, 'normal'),
(100210, 'Y@28673', '', '', '', 'b5de36d60cfda15279d9723235e398e9', '', 'offline', 0, 1570999673, 'normal'),
(100211, 'Y@14832', '', '', '', 'ce51bc04ee77b612f954d478b98601cc', '', 'offline', 0, 1570999694, 'normal'),
(100212, 'Y@28488', '', '', '', '05753beb07fa418a61fbfdb3f74abce8', '', 'offline', 0, 1570999709, 'normal'),
(100213, 'Y@20642', '', '', '', 'e8b54c87646014c305505391f692872c', '', 'offline', 0, 1570999729, 'normal'),
(100214, 'Y@23141', '', '', '', 'bcf352e3fd29708d62232ea2448a531a', '', 'offline', 0, 1570999751, 'normal'),
(100215, 'Y@19688', '', '', '', '88c2435141ad1e59e2026d0ce7ac8054', '', 'offline', 0, 1570999769, 'normal'),
(100216, 'Y@20824', '', '', '', 'd5b5571dbd562856dc86e1057ad68b1d', '', 'offline', 0, 1570999793, 'normal'),
(100217, 'Y@20698', '', '', '', '305d8735e84cdb692c453ab6ead2ab75', '', 'offline', 0, 1570999810, 'normal'),
(100218, 'Y@20173', '', '', '', '981e5a3b2ce53d4312f812df0888ecdf', '', 'offline', 0, 1570999827, 'normal'),
(100219, 'Y@16480', '', '', '', 'b58485b00846f14c17650c122423e9af', '', 'offline', 0, 1570999846, 'normal'),
(100220, 'Y@28870', '', '', '', '534e2f74e6484a25becd866e01f9e175', '', 'offline', 0, 1570999869, 'normal'),
(100221, 'Y@28395', '', '', '', 'a0b5cacb4f10aa9f580cfe9a182fd3ed', '', 'offline', 0, 1570999887, 'normal'),
(100222, 'Y@20008', '', '', '', 'f2d8a262d1dbccdb9da3b1c9fbf2a3ac', '', 'offline', 0, 1570999906, 'normal'),
(100223, 'Y@17967', '', '', '', '8f7f6822d70abe7c103a5e69491ffdf2', '', 'offline', 0, 1570999926, 'normal'),
(100224, 'Y@20553', '', '', '', 'fcc1ef4d5d89f9b772afc4f70c3c000f', '', 'offline', 0, 1570999944, 'normal'),
(100225, 'Y@20959', '', '', '', '8d910233699e9af2be3fa9b8277708d5', '', 'offline', 0, 1570999968, 'normal'),
(100226, 'Y@19640', '', '', '', '9a2654a2925f4fba09b80182b6d9b8ee', '', 'offline', 0, 1570999984, 'normal'),
(100227, 'Y@28679', '', '', '', 'a141b8325019f277ebb555bb10a7b0d7', '', 'offline', 0, 1571000003, 'normal'),
(100228, 'Y@18742', '', '', '', 'd36230558054decabdf823ff1b9cdd06', '', 'offline', 0, 1571000028, 'normal'),
(100229, 'Y@22705', '', '', '', '5aa51323754c61c0b25e538d9c00aef0', '', 'offline', 0, 1571000040, 'normal'),
(100230, 'Y@20276', '', '', '', 'd76e359cc58181ef59b3ef4e193eec3f', '', 'offline', 0, 1571000066, 'normal'),
(100231, 'Y@19681', '', '', '', '94212fcced5491aed62156954e9a5a26', '', 'offline', 0, 1571000087, 'normal'),
(100232, 'Y@23391', '', '', '', 'a1cb4227017dc606f4befec43e330f53', '', 'offline', 0, 1571000107, 'normal'),
(100233, 'Y@20957', '', '', '', '4131994ba4e8485e3252f50043899fc4', '', 'offline', 0, 1571000132, 'normal'),
(100234, 'Y@10484', '', '', '', '0721953ab017ebd03f6d82fe09e924e7', '', 'offline', 0, 1571000147, 'normal'),
(100235, 'Y@21504', '', '', '', '69be411e7259d83d482f7dc19b4ec725', '', 'offline', 0, 1571000172, 'normal'),
(100236, 'Y@17676', '', '', '', 'e4489b24ecf08d64b120061437fc48ad', '', 'offline', 0, 1571000190, 'normal'),
(100237, 'Y@28071', '', '', '', '4cbb10dd14afc8d2a6152e11e2481a54', '', 'offline', 0, 1571000207, 'normal'),
(100238, 'Y@20780', '', '', '', 'd68a5e70e1515b0a59f20e4c364c15c7', '', 'offline', 0, 1571000224, 'normal'),
(100239, 'Y@20172', '', '', '', '50408f505728897eb89aaad04674bd19', '', 'offline', 0, 1571000243, 'normal'),
(100240, 'Y@21179', '', '', '', '15ff84164c6d0527fb0dd0074df7dcde', '', 'offline', 0, 1571000266, 'normal'),
(100241, 'Y@23063', '', '', '', '7a2994631ae80fbc77a585125f472e4c', '', 'offline', 0, 1571000284, 'normal'),
(100242, 'Y@14930', '', '', '', '5e68f445b54245c84c246d7c3713617c', '', 'offline', 0, 1571000304, 'normal'),
(100243, 'Y@20993', '', '', '', '39f00aa8870c3d9b1b2538a1e3c44e76', '', 'offline', 0, 1571000319, 'normal'),
(100244, 'Y@21166', '', '', '', 'fb93fde066e2a7d157cc3977afc3d9d0', '', 'offline', 0, 1571000340, 'normal'),
(100245, 'Y@21510', '', '', '', '789cb568219bac3ff5b052cfebcdba68', '', 'offline', 0, 1571000364, 'normal'),
(100246, 'Y@12759', '', '', '', '2c436de0105071e5472c60bfd1b7df46', '', 'offline', 0, 1571000382, 'normal'),
(100247, 'Y@22951', '', '', '', '8960bd9db7b5f73c74e75825134186da', '', 'offline', 0, 1571000409, 'normal'),
(100248, 'Y@21015', '', '', '', '12fea61608cad1f79ffdaf7387eb7a8d', '', 'offline', 0, 1571000423, 'normal'),
(100249, 'Y@21556', '', '', '', '9fdbf1e4022ebb805eefc7ba0d0600f0', '', 'offline', 0, 1571000439, 'normal'),
(100250, 'Y@21125', '', '', '', '2f35d35f060d100441727d349581e27d', '', 'offline', 0, 1571000463, 'normal'),
(100251, 'Y@22286', '', '', '', '1f98b727f02c395694f676d64173ba76', '', 'offline', 0, 1571000480, 'normal'),
(100252, 'Y@22939', '', '', '', '2aed5c3f8904c7119321bce0f906b6ed', '', 'offline', 0, 1571000501, 'normal'),
(100253, 'Y@21165', '', '', '', '449be6f80d43a5280324b7ea4f4fd3c1', '', 'offline', 0, 1571000518, 'normal'),
(100254, 'Y@21555', '', '', '', '7dd7c86f88db28ad013872e4de8d1ec5', '', 'offline', 0, 1571000538, 'normal'),
(100255, 'Y@23145', '', '', '', '9ee39419dab96e08729d991be920ea00', '', 'offline', 0, 1571000561, 'normal'),
(100256, 'Y@19913', '', '', '', '5ae8e2576d70df60cfe1acf1cf0eeed6', '', 'offline', 0, 1571000580, 'normal'),
(100257, 'Y@12885', '', '', '', '067a0888da370a2cc2b5b1f2a5b25e6f', '', 'offline', 0, 1571000600, 'normal'),
(100258, 'Y@6351', '', '', '', '230e373cf8bf5123a5e2518b1464044b', '', 'offline', 0, 1571000615, 'normal'),
(100259, 'Y@20778', '', '', '', '736d6c0a0917377c216e37d09dbe70ea', '', 'offline', 0, 1571000636, 'normal'),
(100260, 'Y@21170', '', '', '', '1d959ff9a189abc5982e93a38b34291a', '', 'offline', 0, 1571002180, 'normal'),
(100261, 'Y@30017', '星妈家族-子木5f85', './data/upload/user/20190928/make15707633378.JPG', '', '4e3d96106333e32a9df631c73392be38', '', 'offline', 0, 1571013721, 'normal'),
(100262, 'Y@9555', '芸赫ab213', '', '', '694944ae24eb4c018ffbded901be8433', '', 'offline', 0, 1571015617, 'normal'),
(100263, 'Y@23001', '', '', '', '5ae7db7e6d09d99add2131a8ed5fbf5f', '', 'offline', 0, 1571017601, 'normal'),
(100264, 'Y@21136', '', '', '', 'ebf686b61e6f9ddf5d7e78a6fd24c15c', '', 'offline', 0, 1571017639, 'normal'),
(100265, 'Y@21396', '', '', '', '9ddd9e6a04655d7cbb80514f675cfee7', '', 'offline', 0, 1571017655, 'normal'),
(100266, 'Y@21138', '', '', '', '7c580e7183b56dd64ee4a024c4b6af5b', '', 'offline', 0, 1571017672, 'normal'),
(100267, 'Y@21287', '', '', '', '7abdd1bacbd2053a53e7f0ca6d8884ee', '', 'offline', 0, 1571017689, 'normal'),
(100268, 'Y@21395', '', '', '', '161cac605312e5f593b73834cdbd37a3', '', 'offline', 0, 1571017706, 'normal'),
(100269, 'Y@9046', '', '', '', 'b5235c0c34f6a954b9f7db13da0fe66d', '', 'offline', 0, 1571017738, 'normal'),
(100270, 'Y@10551', '', '', '', '13fadd2411e45c9d6ed3511355de8ad2', '', 'offline', 0, 1571017754, 'normal'),
(100271, 'Y@21397', '', '', '', '0d539af82ed21bed1b873ddda9d1e363', '', 'offline', 0, 1571017772, 'normal'),
(100272, 'Y@14853', '', '', '', '00b6caa93daa1c84dcd6fc4fe1ecd940', '', 'offline', 0, 1571017879, 'normal'),
(100273, 'Y@14032', '', '', '', '2f99c08fe7dcb79cebba3f45ed9c692d', '', 'offline', 0, 1571018032, 'normal'),
(100274, 'Y@12848', '', '', '', '520ecbcbee09edf2aecf3fdf570897f8', '', 'offline', 0, 1571018055, 'normal'),
(100275, 'Y@11702', '', '', '', '1951f25b1bbd481c1f57cfd4f4abfeb0', '', 'offline', 0, 1571018072, 'normal'),
(100276, 'Y@12651', '', '', '', 'de350922073644189a9849c5d3a44770', '', 'offline', 0, 1571018089, 'normal'),
(100277, 'Y@14001', '', '', '', '1cd6659fc225597da915910a294a39c1', '', 'offline', 0, 1571018110, 'normal'),
(100278, 'Y@12394', '', '', '', '57ba0d538e38fb82de450d6d30f16f38', '', 'offline', 0, 1571018132, 'normal'),
(100279, 'Y@7515', '', '', '', '8ad37eb7589753002f506bbbe5346706', '', 'offline', 0, 1571018153, 'normal'),
(100280, 'Y@13174', '', '', '', '7fdffbe2e30a6e8d80c35fda42e536eb', '', 'offline', 0, 1571018175, 'normal'),
(100281, 'Y@12007', '', '', '', '3ea32e28ae20b54a9d083b4b9f4ccf9d', '', 'offline', 0, 1571018198, 'normal'),
(100282, 'Y@2983', '', '', '', '2cd595610d2259a6d81c9ecfed0734d6', '', 'offline', 0, 1571018218, 'normal'),
(100283, 'Y@14751', '', '', '', '8acb9e1296d93e71fe635e0775e8bf65', '', 'offline', 0, 1571018241, 'normal'),
(100284, 'Y@14068', '', '', '', 'ee442d4b0d3664449ec982e5000871ae', '', 'offline', 0, 1571018711, 'normal'),
(100285, 'Y@18547', '', '', '', 'fb1e07b6272816a37a5251a715a0c27c', '', 'offline', 0, 1571019614, 'normal'),
(100286, 'Y@28386', '', '', '', '34d6b7c8812e5fe0a8c3912802d4c7e1', '', 'offline', 0, 1571019674, 'normal'),
(100287, 'Y@22257', '', '', '', 'a0c965bc5f97837a3372efccb56d9999', '', 'offline', 0, 1571019722, 'normal'),
(100288, 'Y@17983', '', '', '', '14ce074e69fcf4d0da45ff2fc3b9e2c0', '', 'offline', 0, 1571019770, 'normal'),
(100289, 'Y@20803', '', '', '', '4490db3758a040cbf71082f9937eadb7', '', 'offline', 0, 1571019823, 'normal'),
(100290, 'Y@20990', '', '', '', '29cc48250edb00ced7e658bb62c44852', '', 'offline', 0, 1571019874, 'normal'),
(100291, 'Y@5916', '', '', '', '32cae22182ad1d5a6121e571fc249f1b', '', 'offline', 0, 1571019973, 'normal'),
(100292, 'Y@13161', '', '', '', 'a3cee2c8a5e38d405331824cb4af3029', '', 'offline', 0, 1571020019, 'normal'),
(100293, 'Y@20821', '', '', '', '740844710c2d43ce6ce4ecf63ea14e9b', '', 'offline', 0, 1571020070, 'normal'),
(100294, 'Y@28396', '', '', '', 'a3d4e42271fd3dde9f4e0d3eff853ac7', '', 'offline', 0, 1571020123, 'normal'),
(100295, 'Y@19684', '', '', '', '7152c5548b3798145b80d0f8cd315acb', '', 'offline', 0, 1571020268, 'normal'),
(100296, 'Y@19815', '', '', '', '3085b7d4beb9c2cc0a2b19ecda9bc13c', '', 'offline', 0, 1571020318, 'normal'),
(100297, 'Y@9141', '', '', '', '395de1948cf5dea4f25d45d86142f6a8', '', 'offline', 0, 1571020369, 'normal'),
(100298, 'Y@17007', '', '', '', '95daebb21c443c51248b1a6d3afb5b94', '', 'offline', 0, 1571020388, 'normal'),
(100299, 'Y@20042', '', '', '', '148e363388517e6b3c428888c099c706', '', 'offline', 0, 1571020420, 'normal'),
(100300, 'Y@22170', '', '', '', '03a5c5918caaeec1548b77c993c07fca', '', 'offline', 0, 1571020474, 'normal'),
(100301, 'Y@8518', '', '', '', '7440160512bb98c8ac83945a8cf0b1db', '', 'offline', 0, 1571020618, 'normal'),
(100302, 'Y@30766', '', '', '', '12c6d4ad1dc894c02af0817708eaa292', '', 'offline', 0, 1571020674, 'normal'),
(100303, 'Y@10472', '', '', '', 'b455454a993e225bc694a021d7e69096', '', 'offline', 0, 1571020721, 'normal'),
(100304, 'Y@30767', '', '', '', '65668bd2590ec84c82b8cf8866d15748', '', 'offline', 0, 1571020769, 'normal'),
(100305, 'Y@17974', '', '', '', '68fabd68661c5f5cf76310311855b7cc', '', 'offline', 0, 1571020866, 'normal'),
(100306, 'Y@23138', '', '', '', '456befee0c2cc5ac2917a802aef788d1', '', 'offline', 0, 1571020919, 'normal'),
(100307, 'Y@20639', '', '', '', '42f4c8562dba32528bc39db58649caa0', '', 'offline', 0, 1571020967, 'normal'),
(100308, 'Y@20099', '', '', '', '65105d8a1ea0dcd3ab4bb71a272ea936', '', 'offline', 0, 1571021020, 'normal'),
(100309, 'Y@15489', '', '', '', '9c384578ea9a122b0bec642c969e7484', '', 'offline', 0, 1571021069, 'normal'),
(100310, 'Y@20040', '', '', '', 'ff5aca87456e972447a2774a11fd3334', '', 'offline', 0, 1571021165, 'normal'),
(100311, 'Y@18463', '', '', '', 'ea35c07acc6da089b454db175772158b', '', 'offline', 0, 1571021215, 'normal'),
(100312, 'Y@29670', '', '', '', '28639463949248e80a982995b63eb9c4', '', 'offline', 0, 1571021293, 'normal'),
(100313, 'Y@28151', '', '', '', 'ced4d366838265d14e972c2ea148fea0', '', 'offline', 0, 1571021316, 'normal'),
(100314, 'Y@20108', '', '', '', 'd6e83ac253ba4acd4de60407c51033d6', '', 'offline', 0, 1571021368, 'normal'),
(100315, 'Y@20919', '', '', '', 'ef1e7187e0a39d56e4b9b4ec43a37b6f', '', 'offline', 0, 1571021514, 'normal'),
(100316, 'Y@572', '', '', '', '87c9059d05952bbb96347ba7039e7bc7', '', 'offline', 0, 1571021564, 'normal'),
(100317, 'Y@1516', '', '', '', 'eb4d4156beba8547e5a7d8c788421c92', '', 'offline', 0, 1571021621, 'normal'),
(100318, 'Y@17972', '', '', '', '141e5159b9dd9b62036dfb2e5290ea90', '', 'offline', 0, 1571021667, 'normal'),
(100319, 'Y@20504', '', '', '', '4e6aa6a1c6e8cbc04608d5fb240463e1', '', 'offline', 0, 1571021762, 'normal'),
(100320, 'Y@21993', '', '', '', '8b32b2c4e73f8e7b4df70c66ba6ee4b9', '', 'offline', 0, 1571021802, 'normal'),
(100321, 'Y@23392', '', '', '', '51a293e8af711d1c66fe73a71792e716', '', 'offline', 0, 1571021825, 'normal'),
(100322, 'Y@19839', '', '', '', 'aa737eb51008bd51ae0593f32003fd36', '', 'offline', 0, 1571021857, 'normal'),
(100323, 'Y@22940', '', '', '', '69a8f36982e12ac2bde3b4afcb1d5983', '', 'offline', 0, 1571021886, 'normal'),
(100324, 'Y@21113', '', '', '', '3b77f285b31d8f154f1a72a8c68acebf', '', 'offline', 0, 1571022064, 'normal'),
(100325, 'Y@19527', '', '', '', '564a4a156ce3b47029fd12456490119c', '', 'offline', 0, 1571022084, 'normal'),
(100326, 'Y@21266', '', '', '', 'cf7f12c1b46f43c982c9c5ee451cf6ab', '', 'offline', 0, 1571022108, 'normal'),
(100327, 'Y@19567', '', '', '', 'afb3a3ca8c2f973ad76ddd802cd5da10', '', 'offline', 0, 1571022128, 'normal'),
(100328, 'Y@28558', '', '', '', '3f5b3859c76d1f74e15176ac81a3da67', '', 'offline', 0, 1571022152, 'normal'),
(100329, 'Y@19662', '', '', '', 'd57b4cc0006567bf43359fab5fba1d35', '', 'offline', 0, 1571022363, 'normal'),
(100330, 'Y@28076', '', '', '', 'a77695280921bf0a050e1e5482f89687', '', 'offline', 0, 1571022385, 'normal'),
(100331, 'Y@23009', '', '', '', 'f58636209d7ea1e35d9e20ecac5cee4d', '', 'offline', 0, 1571022405, 'normal'),
(100332, 'Y@19690', '', '', '', '286866aa609ed539f876e014be97567f', '', 'offline', 0, 1571022428, 'normal'),
(100333, 'Y@20270', '', '', '', '112fd1a3fb1fd6a58228ed60dc53d463', '', 'offline', 0, 1571022452, 'normal'),
(100334, 'Y@20716', '', '', '', '07d9b57e5871e4d98a1cfe5cff0adfd2', '', 'offline', 0, 1571022512, 'normal'),
(100335, 'Y@20277', '', '', '', '5af091c9785c6c32c31bc14c5e742a2b', '', 'offline', 0, 1571022534, 'normal'),
(100336, 'Y@19615', '', '', '', 'bb68dc385393cfdfea11e499dc9f19d6', '', 'offline', 0, 1571022554, 'normal'),
(100337, 'Y@16231', '', '', '', '417ea431474bcbc399f762ad2d5e671e', '', 'offline', 0, 1571022579, 'normal'),
(100338, 'Y@16952', '', '', '', '425a19a9d5915a8f3ff5c6c5ec947cb8', '', 'offline', 0, 1571022601, 'normal'),
(100339, 'Y@20341', '', '', '', 'ce08fc7a738f5f0d48f6f46cbb303288', '', 'offline', 0, 1571022662, 'normal'),
(100340, 'Y@16474', '', '', '', 'e40fc906b134fe742ec19cf185f92923', '', 'offline', 0, 1571022683, 'normal'),
(100341, 'Y@28122', '', '', '', '2b4f518482ea3b006bc54e417ec2ecac', '', 'offline', 0, 1571022703, 'normal'),
(100342, 'Y@23443', '', '', '', '488feddb9c629cc18f4a91b0f93fe77e', '', 'offline', 0, 1571022728, 'normal'),
(100343, 'Y@20807', '', '', '', '2a94764371bd89edaa040ae305f8917b', '', 'offline', 0, 1571022750, 'normal'),
(100344, 'Y@21447', '', '', '', 'd092d71bd9abddf6c24eb0804f41c5b3', '', 'offline', 0, 1571022809, 'normal'),
(100345, 'Y@28476', '', '', '', '294f5284f14f9dd27d2084dba426949e', '', 'offline', 0, 1571022830, 'normal'),
(100346, 'Y@23071', '', '', '', 'b95afba92967929231781d09c40d9ed2', '', 'offline', 0, 1571022853, 'normal'),
(100347, 'Y@14858', '', '', '', '0ed06f8730356ed2b4f687d17f19d646', '', 'offline', 0, 1571022876, 'normal'),
(100348, 'Y@20946', '', '', '', '0a1a5a3d712095b7b384b87d0529b864', '', 'offline', 0, 1571022896, 'normal'),
(100349, 'Y@16858', '', '', '', '4641b44718b9745687bcb7a2639b68de', '', 'offline', 0, 1571022958, 'normal'),
(100350, 'Y@19665', '', '', '', 'a0db8a7bf6d5c7ceaad1d21be405e851', '', 'offline', 0, 1571022981, 'normal'),
(100351, 'Y@23147', '', '', '', '7dde99dc5a4d5a9abd3a98b2852d72e2', '', 'offline', 0, 1571023003, 'normal'),
(100352, 'Y@28965', '', '', '', '57bbf5107a023f8fce0c2a1ba76b42d5', '', 'offline', 0, 1571023025, 'normal'),
(100353, 'Y@18679', '', '', '', '177ad2d52a4061a7217af345eb6f2f0b', '', 'offline', 0, 1571023047, 'normal'),
(100354, 'Y@12276', '', '', '', 'c4a087b939d06b71e415f294d4746ab9', '', 'offline', 0, 1571023105, 'normal'),
(100355, 'Y@21261', '', '', '', 'c294bfdba386378a2901c2e3771b4e11', '', 'offline', 0, 1571023129, 'normal'),
(100356, 'Y@10462', '', '', '', '429766796f7778f42e212d854786afc7', '', 'offline', 0, 1571023150, 'normal'),
(100357, 'Y@28385', '', '', '', 'e59710fbdc33465ad26d1d6b8f16e5d2', '', 'offline', 0, 1571023256, 'normal'),
(100358, 'Y@20827', '', '', '', '793b92daccb832cc5ca15ff55870f3e8', '', 'offline', 0, 1571023277, 'normal'),
(100359, 'Y@20111', '', '', '', '5714236fed15f7fcca16b1b802bce749', '', 'offline', 0, 1571023300, 'normal'),
(100360, 'Y@20265', '', '', '', '53338f6ea5e5ffc141f1a5c4679ab553', '', 'offline', 0, 1571023321, 'normal'),
(100361, 'Y@29741', '', '', '', 'e2d278a5a3f73b94415d7236d0c4ef40', '', 'offline', 0, 1571023343, 'normal'),
(100362, 'Y@23229', '', '', '', 'b7eeef3be4049cc1cf8f6f56dd26a913', '', 'offline', 0, 1571023407, 'normal'),
(100363, 'Y@19637', '', '', '', '7ac3d9c8d7979c8c4ba1401630baf687', '', 'offline', 0, 1571023427, 'normal'),
(100364, 'Y@28504', '', '', '', 'ad88fb93569289cb805d9c911c544db0', '', 'offline', 0, 1571023448, 'normal'),
(100365, 'Y@20764', '', '', '', '861886dec456b2789df2d9baad2d6b28', '', 'offline', 0, 1571023471, 'normal'),
(100366, 'Y@21007', '', '', '', '6fe65494c023f3b8f19899b0cfa3bc5f', '', 'offline', 0, 1571023494, 'normal'),
(100367, 'Y@16674', '', '', '', 'ab6d5082bb60e795ed5b62f2647973b5', '', 'offline', 0, 1571023553, 'normal'),
(100368, 'Y@20669', '', '', '', '93148da1d362902c722763d5251a5aaa', '', 'offline', 0, 1571023576, 'normal'),
(100369, 'Y@28300', '', '', '', '63dd8335987c2b306486b5cd48486f34', '', 'offline', 0, 1571023597, 'normal'),
(100370, 'Y@28598', '', '', '', '10f49dfec82d11ff408dd2cf897f7c61', '', 'offline', 0, 1571023619, 'normal'),
(100371, 'Y@28398', '', '', '', 'eb7ed77e519e27bb8fd0ec48c235336d', '', 'offline', 0, 1571023641, 'normal'),
(100372, 'Y@28356', '', '', '', 'd3bfe5a54c22897da06dbb98455a2c52', '', 'offline', 0, 1571023701, 'normal'),
(100373, 'Y@23150', '', '', '', 'ce7fa8f9243a332cd992669bf73c7f24', '', 'offline', 0, 1571023726, 'normal'),
(100374, 'Y@19513', '', '', '', '7ea7b60b42ae9edb7ba919072b6fcbce', '', 'offline', 0, 1571023748, 'normal'),
(100375, 'Y@23598', '', '', '', '888d72932ed8aac07a32db0b17743670', '', 'offline', 0, 1571023770, 'normal'),
(100376, 'Y@14861', '', '', '', '3a9b1b60491d1237301e881f7ba66f4b', '', 'offline', 0, 1571023790, 'normal'),
(100377, 'Y@19203', 'RiE_Lesley27d4', './data/upload/user/20191014/make15786123479.JPG', '', 'b982cc055302999dde075fcfabacb3b7', '', 'offline', 0, 1571023793, 'normal'),
(100378, 'Eddiewang', '王崧安', '/static/avatar.jpg', '', 'b4d6f2bca1221a07b469f7f0f558b0b4', '', 'offline', 0, 1571023831, 'normal'),
(100379, 'Y@14892', '', '', '', '5aa003d45d1e854ce431d1c9f4d21374', '', 'offline', 0, 1571023850, 'normal'),
(100380, 'Y@23070', '', '', '', '17b212f34c3b19861292172e6c7f6b5a', '', 'offline', 0, 1571023872, 'normal'),
(100381, 'Y@30869', '鑫星影视一董青bc20', '', '', '725cf3689e7bfa3e13d5d514bd2efe27', '', 'offline', 0, 1571025746, 'normal'),
(100382, 'Y@9118', '辛弃疾1162【电影】', '', '13011182985', '93e1f894099bc2a60db9338919dc8510', '', 'offline', 0, 1571025746, 'normal'),
(100383, '17682442340', '鑫星影视', '/static/avatar.jpg', '', '5b8873ed6f0b3319a4d5812040eb960d', '', 'offline', 0, 1571025775, 'normal'),
(100384, 'Y@21632', '万华艺-张老师', './data/upload/company/20190813/15732553987.JPG', '18120831101', '52ac9ac59eb83e29bf8f645856f07101', '', 'offline', 0, 1571025907, 'normal'),
(100385, 'Y@19751', ' 超级无敌小可爱6644', './data/upload/user/20190531/make15679557949.JPG', '', '6583537c0e49926084f35364dc822a9b', '', 'offline', 0, 1571026610, 'normal'),
(100386, 'Y@30874', 'Snowy Lee5269', '', '', '5fd72d7a22f29b3b350554524ec058aa', '', 'offline', 0, 1571028085, 'normal'),
(100387, 'Y@29495', '万华艺 小欢', '', '', '6fda2d91d92bf2188f819f421f532da3', '', 'offline', 0, 1571028085, 'normal'),
(100388, 'Y@29877', 'Alan ℡a7c5', './data/upload/user/20191014/make15725546548.JPG', '', 'a2a0830100c8e6810f857de614656b01', '', 'offline', 0, 1571030107, 'normal'),
(100389, 'Y@30802', '劳拉LORA', '', '18030828101', '44e97f71f105f363eac475f62c14bfc1', '', 'offline', 0, 1571030107, 'normal'),
(100390, 'Y@11175', '瞿宝国十邵春侠十联创9b1a', '', '', '4d85fd073fd4fc6215c27386863d122e', '', 'offline', 0, 1571030414, 'normal'),
(100391, 'Y@8404', '胡亮刚', '', '15216632029', '372eec7bda6cf962ce2aa3d6a93e1527', '', 'offline', 0, 1571030414, 'normal'),
(100392, 'Y@30880', '15821391713', '', '', '43ceddf39961680c1ef332a046482ffb', '', 'offline', 0, 1571032692, 'normal'),
(100393, 'Y@30813', '子萱', 'https://www.yinchengcasting.com/data/upload/user/20191013/15746570668.PNG', '18600699508', 'dcfc03b063e2991125db313cca774050', '', 'offline', 0, 1571032692, 'normal'),
(100394, 'Y@30817', '金丽', 'https://www.yinchengcasting.com/data/upload/user/20191013/15789783987.PNG', '15801019125', 'ff3eb8a7a9880759e28e72bbac78bce8', '', 'offline', 0, 1571032816, 'normal'),
(100395, 'Y@30881', '果子扬☀e7a0', '', '', '6ae2f3505fa0ce2258cb56baf9c0f401', '', 'offline', 0, 1571032981, 'normal'),
(100396, 'Y@14729', '张磊演员', 'https://www.yinchengcasting.com/data/upload/user/20190314/15604995489.JPG', '13605329466', '845af8e5b473265d6e57abd3b8716f82', '', 'offline', 0, 1571032981, 'normal'),
(100397, 'Y@1234567890', 'aaa', 'https://im.yinchengcasting.com/data/logo/20170418/14922051316.PNG', 'bbb', '9f486b6cfda7ba69fb176b1d338e6618', '', 'offline', 0, 1571033559, 'normal'),
(100398, 'Y@987654321', 'ccc', 'https://im.yinchengcasting.com/data/logo/20170418/14922051316.PNG', 'ddd', '89cf96013742eb473c789e32c532a0f7', '', 'offline', 0, 1571033559, 'normal'),
(100399, 'Y@30814', '鲍虹宇', 'https://www.yinchengcasting.com/data/upload/user/20191013/15749349453.PNG', '18516666117', '0a10ed9baaf4f0155f5a3b95f336ef33', '', 'offline', 0, 1571034016, 'normal'),
(100400, 'Y@28391', '郝   诗   文', '', '13000000000', '0362ccd0c956dc85cf6f9bd2aaaa40e8', '', 'offline', 0, 1571034328, 'normal'),
(100401, 'Y@123456782', 'aaa', 'https://im.yinchengcasting.com/data/logo/20170418/14922051316.PNG', 'bbb', '69361aa8cb37e86c679ec129425a5298', '', 'offline', 0, 1571034842, 'normal'),
(100402, 'Y@98777654321', 'ccc', 'https://im.yinchengcasting.com/data/logo/20170418/14922051316.PNG', 'ddd', '275bb0a7d087383dda4cee02c3926d98', '', 'offline', 0, 1571034842, 'normal'),
(100403, 'Y@2746', '孙雅萍', 'https://www.yinchengcasting.com/data/upload/user/20190309/15601337951.JPG', '13651856891', 'bd6ef202362489766cd058fa83ee00aa', '', 'offline', 0, 1571035065, 'normal'),
(100404, 'Y@30660', '一八五', 'https://www.yinchengcasting.com/data/upload/user/20191010/make15754219899.JPG', '18575930114', '5a45e9b85f571e78b503e01c4f7f3fd5', '', 'offline', 0, 1571035124, 'normal'),
(100405, 'Y@30422', '随芳洲', 'https://www.yinchengcasting.com/data/upload/user/20191007/15710032755.PNG', '18101813283', '41ecff3f5d61c8282c9d2949c5256112', '', 'offline', 0, 1571035166, 'normal'),
(100406, 'Y@16653', '银承影视文化工作室', '', '18721625282', 'b781574d1f4d4d6f014c26aa503b2864', '', 'offline', 0, 1571035828, 'normal'),
(100407, 'Y@166', '上海通告发布', './data/upload/company/20180705/15307741704537.jpeg', '18721620262', 'b9e664d4838288894a04afec98d76280', '', 'offline', 0, 1571036268, 'normal'),
(100408, 'Y@30823', '孔亮', 'https://www.yinchengcasting.com/data/upload/user/20191013/15745035616.PNG', '13401565677', 'cd3163c9c21da083541b1a8b9b4585dd', '', 'offline', 0, 1571036478, 'normal'),
(100409, 'Y@19807', '乐砚   楠山', '', '19829644201', '054d077cedd6a8a3d8fba4f01b221b0c', '', 'offline', 0, 1571036577, 'normal'),
(100410, 'Y@16687', 'A，影视    小辉', '', '', 'e0c61594a22e2cb01979dc1d5e373a99', '', 'offline', 0, 1571036838, 'normal'),
(100411, 'Y@12345678224', 'aaa', 'https://im.yinchengcasting.com/data/logo/20170418/14922051316.PNG', 'bbb', '59e20cc455d2ffe71e5063d2840b0c2c', '', 'offline', 0, 1571038542, 'normal'),
(100412, 'Y@8777654321', 'ccc', 'https://im.yinchengcasting.com/data/logo/20170418/14922051316.PNG', 'ddd', 'fea462deda1c4a529c2b2f67fc101027', '', 'offline', 0, 1571038542, 'normal'),
(100413, 'Y@20937', '寡哥哥', '', '13000000000', 'f8fd1afa9511ddc4c4e4e10cdacf035d', '', 'offline', 0, 1571038603, 'normal'),
(100414, 'Y@1355', '陈志明', 'https://www.yinchengcasting.com/data/upload/user/20180628/15360985724.PNG', '13801901596', '58cf57aaf69ad6c47f07a3380929add4', '', 'offline', 0, 1571040969, 'normal'),
(100415, 'Y@6859', '丁翠萍6415', './data/upload/user/20190209/15545054019.JPG', '', '10da1bd8edb15cb241b22a2cec64e35d', '', 'offline', 0, 1571043035, 'normal'),
(100416, 'Y@18974', '演员经纪宇天亿', '', '18301724908', 'dac9f7fb0b59067804a226917ad587df', '', 'offline', 0, 1571043035, 'normal'),
(100417, 'Y@15119', '獨 （工作号不闲聊）', './data/upload/company/20190725/15721953871.JPG', '13550886139', '272a29020434126339db6102def8bf60', '', 'offline', 0, 1571043187, 'normal'),
(100418, 'Y@14869', '银承影视小张9929', '', '', '0639188fc01b81bc075e36b174bc41be', '', 'offline', 0, 1571044461, 'normal'),
(100419, 'Y@15659', '小明', '', '18501788218', '5accb95d13b25e4866236246a9c9a53d', '', 'offline', 0, 1571046382, 'normal'),
(100420, 'Y@17005', '', '', '', '34532a4d7df266b71c014ee2b20acce9', '', 'offline', 0, 1571051354, 'normal'),
(100421, 'Y@28927', '老兵1a53', './data/upload/user/20190824/make15666979636.JPG', '', 'ba396b01f94e3d6223a064c37c5b10d0', '', 'offline', 0, 1571051955, 'normal'),
(100422, 'Y@15272', '浙江省东阳市横店影视城01', '', '15291022657', '752d7bdfa8af95b7cf58cf2cb084758e', '', 'offline', 0, 1571051955, 'normal'),
(100423, 'Y@30591', '孫靖軒', 'https://www.yinchengcasting.com/data/upload/user/20191009/make15734676918.JPG', '18662933317', '37571c7814953aec7189a08eb3b2d40f', '', 'offline', 0, 1571054267, 'normal'),
(100424, 'Y@18687', '', '', '', 'd93397c6d9e1da1ec0612eec30e23b8a', '', 'offline', 0, 1571055912, 'normal'),
(100425, 'Y@30877', '四夕bd67', './data/upload/user/20191014/make15717412386.JPG', '', '80dfc5664ea0c94eb701c48bde5d8535', '', 'offline', 0, 1571058139, 'normal'),
(100426, 'Y@23169', '张大大', '', '15601756783', '6d6175780eaac019b47b127721666f8a', '', 'offline', 0, 1571058139, 'normal'),
(100427, 'Y@17557', '', '', '', 'b0e00eb03b5c63d635e84cd6803dde89', '', 'offline', 0, 1571062104, 'normal'),
(100428, 'Y@16729', '夜风冷045c', '', '', 'b888255ad81a78cbb474d35ed13707d2', '', 'offline', 0, 1571064862, 'normal'),
(100429, 'Y@6', '娄淇', 'https://www.yinchengcasting.com/data/upload/user/20180527/15312150277.JPG', '18612249644', '390ab8c6c59eb1986a0036f0ec1ffc41', '', 'offline', 0, 1571064862, 'normal'),
(100430, 'Y@19538', '', '', '', 'bc2e332b19865086dfd8b26169d3980b', '', 'offline', 0, 1571065544, 'normal'),
(100431, 'Y@15761', '18144444000', '', '', 'b46c58edf76d73b59f3d2d7ce7996ad3', '', 'offline', 0, 1571067090, 'normal'),
(100432, 'Y@30775', '13910985131', '', '', '7304d075f966ef91a685b7d6569538ba', '', 'offline', 0, 1571070895, 'normal'),
(100433, 'Y@9029', '杜志国', 'https://www.yinchengcasting.com/data/upload/user/20181029/1540780119155_1.JPG', '13649213333', 'f01c55f5cb65d6fb51d3651bf98dadef', '', 'offline', 0, 1571070921, 'normal'),
(100434, 'Y@8700', '崔璨', 'https://www.yinchengcasting.com/data/upload/user/20181019/1539921718868_1.PNG', '13501333007', '5af55b7ca979eb55bb688a45d7301405', '', 'offline', 0, 1571071034, 'normal'),
(100435, 'Y@12152', '张杨', 'https://www.yinchengcasting.com/data/upload/user/20190808/1565260621832_1.JPG', '13523588573', '819523050e61c34e238ddcf03ef5e8b9', '', 'offline', 0, 1571074212, 'normal'),
(100436, 'Y@20169', '', '', '', 'f68a16f30accde53b7cf371787f03ab3', '', 'offline', 0, 1571087174, 'normal'),
(100437, 'Y@1346', '福到运到2018', 'https://www.yinchengcasting.com/data/upload/user/20190629/15708665921.JPEG', '13761642171', '945ab02d9221f229f434e0de99da5e77', '', 'offline', 0, 1571100582, 'normal'),
(100438, 'Y@904', '陈旭明', 'https://www.yinchengcasting.com/data/upload/user/20180626/15345526317.JPEG', '13901936531', '3f47e69f37a80b963444f05286cf21da', '', 'offline', 0, 1571100900, 'normal');
INSERT INTO `user` (`uid`, `username`, `nickname`, `avatar`, `sign`, `password`, `safepassword`, `state`, `logout_timestamp`, `timestamp`, `account_state`) VALUES
(100439, 'Y@21659', 'A~~经纪炎钰', '', '13245093859', '6a3fe54d88b0769abedd3501f183aee5', '', 'offline', 0, 1571102295, 'normal'),
(100440, 'Y@379', '18326751305', '', '', '563c7a609e92c6f155314523ebf0fdec', '', 'offline', 0, 1571103388, 'normal'),
(100441, 'Y@30806', '骑猪找驴', 'https://www.yinchengcasting.com/data/logo/20180611/15386544861.JPG', '15800000000', 'dbc01644d0b952d1d33edffa019c7b42', '', 'offline', 0, 1571104118, 'normal'),
(100442, 'Y@30860', '_LURFan_', 'https://www.yinchengcasting.com/data/upload/user/20191014/make15774638989.JPG', '13645822899', '5faa68e3aa35101b3f7b83183179753b', '', 'offline', 0, 1571104264, 'normal'),
(100443, 'Y@28821', '谢幽离', 'https://www.yinchengcasting.com/data/upload/user/20190822/make15697208712.JPG', '15721293286', 'af719b3e2b9202148f8acf51cbf6df89', '', 'offline', 0, 1571104300, 'normal'),
(100444, 'Y@14097', '金晨14b9', 'https://www.yinchengcasting.com/data/upload/user/20190424/make15562439083.JPG', '13795280120', 'e764a74d377881277d6744cddbc4730d', '', 'offline', 0, 1571104366, 'normal'),
(100445, 'Y@5599', '', '', '', '34fe695b97473a44c8b25b9b85fec56d', '', 'offline', 0, 1571107257, 'normal'),
(100446, 'Y@30630', 'Harry6feb', './data/upload/user/20191010/make15715195315.JPG', '', '423adff6d1564b4b082c435af214b19c', '', 'offline', 0, 1571108191, 'normal'),
(100447, 'Y@16274', '', '', '', '04743e55cb4581add5896c3b0984c332', '', 'offline', 0, 1571110006, 'normal'),
(100448, 'Y@28394', '思同\'宗桑拉姆b224', '', '', '9cd706b97b2b7cd351dd34f134510253', '', 'offline', 0, 1571112213, 'normal'),
(100449, 'Y@22614', '', '', '', 'f9050796d69c1d18f20365df51461ab3', '', 'offline', 0, 1571112802, 'normal'),
(100450, 'Y@21317', '明天', '', '13769755058', '8d33b552c643f63064da0750635f7c31', '', 'offline', 0, 1571115909, 'normal'),
(100451, '1234567', '陈承榜', '/static/avatar.jpg', '18717970818', 'c9af81faa8a31cd7599241409b60afcc', '', 'offline', 0, 1571115948, 'normal'),
(100452, 'Y@21308', '', '', '', '9f33630d383d71b2ec5bf4f46d8e218d', '', 'offline', 0, 1571121231, 'normal'),
(100453, 'Y@1430', '景紫涵', 'https://www.yinchengcasting.com/data/upload/user/20180629/15347964456.JPG', '15175585855', '2e57346c06c426eaa839d45761645056', '', 'offline', 0, 1571130462, 'normal'),
(100454, 'Y@30195', '梁东晓', 'https://www.yinchengcasting.com/data/upload/user/20190928/make15795430664.JPG', '15632364052', '2a34bd86705f725a7ed9e792fa956bbc', '', 'offline', 0, 1571130513, 'normal'),
(100455, 'Y@18314', '老婆大人2755', 'https://www.yinchengcasting.com/data/upload/user/20190505/make15661916496.JPG', '18510148065', '7de9f558e84a15d123b6716ae1d1b8c4', '', 'offline', 0, 1571130539, 'normal'),
(100456, 'Y@17305', '罗钰彤', 'https://www.yinchengcasting.com/data/upload/user/20190421/15579356708.JPG', '13731000920', 'a322ae3f678afde8de5e28a3f755ded9', '', 'offline', 0, 1571130553, 'normal'),
(100457, 'Y@35', '', '', '', '8ab0214d27ac74c7d1221df2fc19a4c8', '', 'offline', 0, 1571132987, 'normal'),
(100458, 'Y@21014', '银承影视_阿斌 [没回复是在忙]5f67', '', '', '1138262e157b08b8c52afb1d2f10403a', '', 'offline', 0, 1571134162, 'normal'),
(100459, 'Y@16607', '严莉萍', 'https://www.yinchengcasting.com/data/upload/user/20190416/15650743121.PNG', '13501863671', 'd3522caa5dc754b6f528c69e87c67fe4', '', 'offline', 0, 1571134162, 'normal'),
(100460, 'Y@10826', '杨驰18291408971dd58', '', '', '6d1f1ce0f53e2b058788f1ab02efde04', '', 'offline', 0, 1571135316, 'normal'),
(100461, 'Y@29993', '李力', 'https://www.yinchengcasting.com/data/upload/user/20190920/make15748290121.JPG', '13488426794', 'f3e9a9f75354ba40db9cd993f8f7d364', '', 'offline', 0, 1571135316, 'normal'),
(100462, 'Y@30064', '15891658235', './data/upload/user/20190923/make15692153075.JPG', '', 'a408d14f80922edaa30ef1df085eb912', '', 'offline', 0, 1571136713, 'normal'),
(100463, 'Y@16554', '胖哥', '', '13000000000', 'f64f5e87cfe36a4c5bdfcb57cc721401', '', 'offline', 0, 1571136713, 'normal'),
(100464, 'Y@30920', 'Durian7258', './data/upload/user/20191015/make15768952495.JPG', '', '447eef100920ddbf60c8b428848998d6', '', 'offline', 0, 1571141138, 'normal'),
(100465, 'Y@20775', '小美（演员部）', '', '17621878220', 'a7c066b6737fdd4d70d2b65079c883b8', '', 'offline', 0, 1571141138, 'normal'),
(100466, 'Y@30924', 'BLANK14c8', '', '', '082adab195ba0368dcd5a578fe938acb', '', 'offline', 0, 1571142252, 'normal'),
(100467, 'Y@18748', 'Amy', './data/upload/company/20190708/15629307381.JPG', '', '5b7d2a6133d1cca8d40111c714a84e50', '', 'offline', 0, 1571142252, 'normal'),
(100468, 'Y@3014', 'Arior', '', '', '986d8386f6c1aac42f9ab25a4a3f5762', '', 'offline', 0, 1571144865, 'normal'),
(100469, 'Y@17066', '阿彪', 'https://www.yinchengcasting.com/data/upload/user/20190517/make15608962699.JPG', '13588197469', '2dc27fd1153f887564570f78a24a822d', '', 'offline', 0, 1571144865, 'normal'),
(100470, 'Y@30899', '张顺', './data/upload/user/20191015/make15738846085.JPG', '', '115d95e849931f60b83789f499d015c7', '', 'offline', 0, 1571149806, 'normal'),
(100471, 'Y@5555', '王凤云13578870072020b', 'https://www.yinchengcasting.com/data/upload/user/20180817/15421920505.JPEG', '13578870072', '0a5c66991a19d4657c1cc7528a7fd739', '', 'offline', 0, 1571149806, 'normal'),
(100472, '15510492749', '领导', '/static/avatar.jpg', '演领导专业户', 'f4e28660d3fb7cf174a78d62333852ca', '', 'offline', 0, 1571149960, 'normal'),
(100473, 'Y@16080', '王成哲', 'https://www.yinchengcasting.com/data/upload/user/20190406/15638536973.JPG', '15369368927', '2db1963a941fa59b8aba5dcf34b5df79', '', 'offline', 0, 1571150712, 'normal'),
(100474, 'Y@1517', '王卫华2a22', 'https://www.yinchengcasting.com/data/upload/user/20190327/15636012054.JPG', '18831194845', '07f10514a06dd30fe37d11ee79adc02f', '', 'offline', 0, 1571150855, 'normal'),
(100475, 'Y@15927', '袁佳坤', 'https://www.yinchengcasting.com/data/upload/user/20190402/15603804815.JPG', '18531448360', '75a3d3f6d529c9f99e3af6bb7297209a', '', 'offline', 0, 1571151193, 'normal'),
(100476, 'Y@16510', '马强', '', '13000000000', '381ccd08e375af6e92250283767b3ab8', '', 'offline', 0, 1571151210, 'normal'),
(100477, 'Y@28160', '王筱涵', 'https://www.yinchengcasting.com/data/upload/user/20190808/1565238057944_1.JPG', '18189150508', 'edf70f28dd14af64c1c84faa8ab25033', '', 'offline', 0, 1571151406, 'normal'),
(100478, 'Y@2835', '刘博洋', 'https://www.yinchengcasting.com/data/upload/user/20180720/1532048018886_1.JPG', '15383348046', 'f33a2ff7443ece39dd996391c42b4295', '', 'offline', 0, 1571151473, 'normal'),
(100479, 'Y@30928', 'X.D36dc', '', '', '77e3c3bf6db534a84495ac4390be21f8', '', 'offline', 0, 1571151734, 'normal'),
(100480, 'Y@16600', '郑晓婉（甘丽影）', 'https://www.yinchengcasting.com/data/upload/user/20190416/15558366845.JPEG', '17714269957', 'f3641cb560a4710ce4e55ebe8b52b63a', '', 'offline', 0, 1571152095, 'normal'),
(100481, 'Y@30915', '汪晨阳', 'https://www.yinchengcasting.com/data/upload/user/20191015/make15739027388.JPG', '18057012353', 'd3bcc4d0b7f7c2de3240932a9df42ac4', '', 'offline', 0, 1571152120, 'normal'),
(100482, 'Y@28205', '', '', '', 'b181f65435e185d58dea0893b681fff2', '', 'offline', 0, 1571153002, 'normal'),
(100483, 'Y@30935', '苏西b548', '', '', '1d89c1b4c57fa07ac13f807fed9e027f', '', 'offline', 0, 1571170183, 'normal'),
(100484, 'Y@8982', '王洁51d4', './data/upload/user/20181027/15422320969.JPEG', '', '4bd5dd59d664b0765488f68aecb7cabb', '', 'offline', 0, 1571170455, 'normal'),
(100485, 'Y@14927', '演员经纪人-路安才', '', '18814830680', '88d6e5b105043fd79517a51467cfd286', '', 'offline', 0, 1571170455, 'normal'),
(100486, 'Y@30939', 'Annie笑笑0888', '', '', '04b83153ae60cd5e99e8485ff0db6582', '', 'offline', 0, 1571189529, 'normal'),
(100487, 'Y@29912', 'oО飛天豬`ゞ4e7c', '', '', '0f4c9ebba9b97142a18948d32ec11d4d', '', 'offline', 0, 1571191295, 'normal'),
(100488, 'Y@20793', '林欣冉', 'https://www.yinchengcasting.com/data/upload/user/20190627/make15633818312.JPG', '18016060626', '20473015afe7fcb22ba570ac426374a9', '', 'offline', 0, 1571191482, 'normal'),
(100489, 'Y@30945', '子豪07b3', '', '', 'e97a99b8fcd94e11aaee66c589e5dcde', '', 'offline', 0, 1571192451, 'normal'),
(100490, 'Y@18145', '湖南电视台 湖南一知文化传媒集团 潇湘电影集团', '', '', '39d552801835b72957453ea270c7468c', '', 'offline', 0, 1571192451, 'normal'),
(100491, 'Y@21399', 'Angela Skye Leed566', './data/upload/user/20190712/make15666919871.JPG', '', 'd5a749e8b7c85bf65d205d0ce9e6f7ee', '', 'offline', 0, 1571193218, 'normal'),
(100492, 'Y@19346', '盛星心宇', './data/upload/company/20190721/15658911804.JPG', '15931763537', '2e85fc08435a216117ec3fb0c8500722', '', 'offline', 0, 1571193218, 'normal'),
(100493, 'Y@9549', '（长沙云顷传媒）伍君羡0b20', '', '', 'a2678d544ac40ed912c4a5452edfff24', '', 'offline', 0, 1571193971, 'normal'),
(100494, 'Y@6923', '北京耳东明樾影业制作有限公司', '', '18744223392', 'b0e099aa266f349713fe6df3e6ef854e', '', 'offline', 0, 1571193971, 'normal'),
(100495, 'Y@14759', '', '', '', '969cd4e8f00b2338939af73a0676f8a4', '', 'offline', 0, 1571194131, 'normal'),
(100496, 'Y@22229', '杨Sir', './data/upload/user/20190720/make15652550181.JPG', '', '66500fa1066e770a31db9bd3d90ec9b4', '', 'offline', 0, 1571197400, 'normal'),
(100497, 'Y@30842', '18757775356', '', '', '58f8d91d182de7b37d3d3a4f81e59811', '', 'offline', 0, 1571198225, 'normal'),
(100498, 'Y@16344', '副导演黑马', './data/upload/company/20190801/15692437644.JPG', '13616547716', '68f3f7cee834484a3c6acac901678413', '', 'offline', 0, 1571198225, 'normal'),
(100499, 'Y@30625', '13319810666', './data/upload/user/20191016/15797058508.PNG', '', '07de760e357a8c52a93fb4f0ab9587d2', '', 'offline', 0, 1571204070, 'normal'),
(100500, 'Y@21823', '13916746825', './data/upload/user/20190717/make15652108415.JPG', '', '09b7e43380abe45b5a61ff7e6f4ffa37', '', 'offline', 0, 1571210180, 'normal'),
(100501, 'Y@703', '范轶莹', 'https://www.yinchengcasting.com/data/upload/user/20180621/15392983612.JPEG', '13073266161', '01ad9ee4fda8b0c5b8fc7b56b08bc79a', '', 'offline', 0, 1571210180, 'normal'),
(100502, 'Y@30958', '华龙2421', '', '', '6513d7ab9c689f580dc0e32ff0fe97c2', '', 'offline', 0, 1571216490, 'normal'),
(100503, 'Y@11051', '北京市朝阳区建国路8号水郡长安1号院1605', '', '18845245104', '9fe488569a79b63856fc2d33d75e25bb', '', 'offline', 0, 1571216490, 'normal'),
(100504, 'Y@5', '周美毅', './data/upload/user/20180627/1530064805402_1.JPG', '', '1223679670a718580d134f884131b055', '', 'offline', 0, 1571219418, 'normal'),
(100505, 'Y@29518', 'George', 'https://www.yinchengcasting.com/data/upload/user/20190905/make15760166094.JPG', '18084036246', 'ec5b0bc5d5e6c9591bc0fd67c36a969b', '', 'offline', 0, 1571219418, 'normal'),
(100506, 'Y@30902', '宫珣', 'https://www.yinchengcasting.com/data/upload/user/20191015/15754784199.JPG', '18554220632', '7f43704fc9dfedd5aa58f42187fe9db2', '', 'offline', 0, 1571219446, 'normal'),
(100507, 'Y@19295', '银承影视文化工作室Casting', '', '18717970818', '9a6c4ca31f4b382344dbd264fd9abb5a', '', 'offline', 0, 1571220934, 'normal'),
(100508, 'Y@16962', '', 'https://www.yinchengcasting.com/data/logo/20170418/14922051316.PNG', '', 'dac7015b9eaa868e8c42c88050b437ea', '', 'offline', 0, 1571221276, 'normal'),
(100509, 'Y@955', '', '', '', '9bc1205966db16a2469849af6613659e', '', 'offline', 0, 1571225463, 'normal'),
(100510, 'Y@7310', '', '', '', 'd0ac78cff0571bfeedaf1b3bb67d62ce', '', 'offline', 0, 1571228058, 'normal'),
(100511, 'Y@9891', '芮7bd7', './data/upload/user/20191013/make15760326764.JPG', '', '35b93f86f6f54d96665479d8e3378142', '', 'offline', 0, 1571231613, 'normal'),
(100512, 'Y@19522', '小强', '', '', '1d1db8fc914c0a5ea8ce51cce0df3e76', '', 'offline', 0, 1571231613, 'normal'),
(100513, 'Y@30149', 'Jennifer', 'https://www.yinchengcasting.com/data/upload/user/20190926/make15760941947.JPG', '18917675664', '801bd7da40cb6d8500f56d08d9bf94d6', '', 'offline', 0, 1571235470, 'normal'),
(100514, 'Y@30183', '雨柔08ac', './data/upload/user/20190927/make15702519672.JPG', '', '095b7ae717a54aa9101a111c4d8e2147', '', 'offline', 0, 1571238656, 'normal'),
(100515, 'Y@8257', '', '', '', 'ed900f5790bd4605aec7f8c364e1176e', '', 'offline', 0, 1571240778, 'normal'),
(100516, 'Y@30184', '雨柔6837', './data/upload/user/20190927/make15728145019.JPG', '', '3f4d9524ade8e9c6aedcc527a61e65cd', '', 'offline', 0, 1571241248, 'normal'),
(100517, 'Y@20804', '王长兴', '', '15901125129', '1d0bf647a840c2bb9632be01d9164245', '', 'offline', 0, 1571241248, 'normal'),
(100518, 'Y@29402', '北京中外经纪协拍工作室，张冲4f84', '', '', 'f5626c69145b8adda4a18d7f9da68f67', '', 'offline', 0, 1571248825, 'normal'),
(100519, 'Y@14244', '韩子萱', 'https://www.yinchengcasting.com/data/upload/user/20190303/1551557405608_1.PNG', '15313183527', '38f9711d0c61a99272059090a36e06c3', '', 'offline', 0, 1571248825, 'normal'),
(100520, 'Y@20473', '', '', '', '694802c67cad01b998956fd3ed3e3f06', '', 'offline', 0, 1571249822, 'normal'),
(100521, 'Y@8205', '', '', '', '465a8b96d6b343641b43fcfc647cf665', '', 'offline', 0, 1571255871, 'normal');

-- --------------------------------------------------------

--
-- 表的结构 `user_session`
--

CREATE TABLE `user_session` (
  `id` int(10) UNSIGNED NOT NULL,
  `ip` varchar(100) NOT NULL,
  `phpsessid` varchar(255) NOT NULL,
  `uid` int(8) NOT NULL,
  `dt` datetime NOT NULL
) ENGINE=MyISAM DEFAULT CHARSET=utf8 ROW_FORMAT=DYNAMIC;

--
-- 转存表中的数据 `user_session`
--

INSERT INTO `user_session` (`id`, `ip`, `phpsessid`, `uid`, `dt`) VALUES
(1773, '27.189.120.109', 't63vk43rrodfapffih6ceu3j23', 100003, '2019-10-04 16:30:28'),
(1774, '27.189.120.109', 't63vk43rrodfapffih6ceu3j23', 100005, '2019-10-04 16:37:35'),
(1775, '27.189.120.109', '357tpgb0a7ti1lncie8vcp8s50', 100001, '2019-10-04 16:38:29'),
(1776, '27.189.120.109', '1t7bo7jn3llftk627qeeiq04r2', 100007, '2019-10-04 16:43:49'),
(1777, '27.189.120.109', '1t7bo7jn3llftk627qeeiq04r2', 100010, '2019-10-04 16:44:49'),
(1778, '27.189.120.109', '1t7bo7jn3llftk627qeeiq04r2', 100011, '2019-10-04 16:46:11'),
(1779, '27.189.120.109', 't63vk43rrodfapffih6ceu3j23', 100011, '2019-10-04 16:47:11'),
(1780, '27.189.120.109', '1t7bo7jn3llftk627qeeiq04r2', 100006, '2019-10-04 16:47:46'),
(1781, '27.189.120.109', '1t7bo7jn3llftk627qeeiq04r2', 100008, '2019-10-04 16:48:46'),
(1782, '27.189.120.109', '1t7bo7jn3llftk627qeeiq04r2', 100009, '2019-10-04 16:49:17'),
(1783, '27.189.120.109', '1t7bo7jn3llftk627qeeiq04r2', 100012, '2019-10-04 16:50:01'),
(1784, '27.189.120.109', '1t7bo7jn3llftk627qeeiq04r2', 100013, '2019-10-04 16:50:42'),
(1785, '27.189.120.109', '1t7bo7jn3llftk627qeeiq04r2', 100014, '2019-10-04 16:51:08'),
(1786, '27.189.120.109', '1t7bo7jn3llftk627qeeiq04r2', 100015, '2019-10-04 16:51:39'),
(1787, '27.189.120.109', '1t7bo7jn3llftk627qeeiq04r2', 100016, '2019-10-04 16:52:12'),
(1788, '27.189.120.109', '1t7bo7jn3llftk627qeeiq04r2', 100005, '2019-10-04 16:53:06'),
(1789, '27.189.120.109', '1t7bo7jn3llftk627qeeiq04r2', 100007, '2019-10-04 16:54:33'),
(1790, '27.189.120.109', '357tpgb0a7ti1lncie8vcp8s50', 100011, '2019-10-04 16:57:44'),
(1791, '27.189.120.109', 't63vk43rrodfapffih6ceu3j23', 100008, '2019-10-04 16:58:23'),
(1792, '27.189.120.109', 'lfk84d0a0aqr7ielhggdb95807', 100016, '2019-10-04 16:59:24'),
(1793, '106.119.37.6', '70trbmq8df8pim50qiv1oigop5', 100011, '2019-10-04 17:27:39'),
(1794, '27.189.120.109', 'q4nvsa18bfacdmi6nfkf6j46s2', 100011, '2019-10-05 13:44:24'),
(1795, '27.189.120.109', 'kb6a4grjc1qijvujeo3ol2hl40', 100011, '2019-10-05 15:44:37'),
(1796, '36.98.67.221', '8kulkiqes20r5jchb2igs4mj15', 100011, '2019-10-05 15:48:37'),
(1797, '27.189.120.109', 'oq31pcpvnc12q89s5mcfo53ac7', 100011, '2019-10-05 15:56:52'),
(1798, '27.189.120.109', 'pkrsk13dfnbr60prpoikkko902', 100011, '2019-10-05 16:14:36'),
(1799, '61.129.7.254', '3lk52n2h0bhee6llhshpf0d3o5', 100011, '2019-10-05 16:17:05'),
(1800, '36.98.80.156', 'ohd026e9o8k3aa664e54s7m9a0', 100001, '2019-10-05 22:26:41'),
(1801, '125.120.211.61', 'btvc3tet645crn4hdn6v1bllu5', 100011, '2019-10-08 14:46:04'),
(1802, '125.120.211.61', '8tvuujudsknlgp5qpcm7of07q1', 100005, '2019-10-08 14:46:18'),
(1803, '125.120.211.61', '3c5mlq4h4kvqate3dfp870a6j1', 100005, '2019-10-08 14:48:56'),
(1804, '61.129.7.254', '3lk52n2h0bhee6llhshpf0d3o5', 100012, '2019-10-08 14:50:13'),
(1805, '36.98.78.67', '95unb7cn2u3u6lm9h1kprbft62', 100011, '2019-10-08 14:54:01'),
(1806, '36.98.78.67', '3g2dhmkgkcqrhpopgac23tl9u7', 100008, '2019-10-08 15:07:39'),
(1807, '125.120.211.61', 'jkuv4sgf92nm7ahtkck4lree30', 100005, '2019-10-08 16:24:12'),
(1808, '125.120.211.61', 'rlhc0hc19baq0477rl7ect1ji3', 100011, '2019-10-08 16:25:45'),
(1809, '125.120.211.61', 'u3k4sq7beqcmi5jiqtvhmrgea1', 100005, '2019-10-08 16:25:51'),
(1810, '125.120.211.61', 'j41bg3s9bj12337tg8gig9b0h6', 100005, '2019-10-08 17:14:03'),
(1811, '125.120.211.61', 'pch02oa98jci932ici9lr2q1k1', 100005, '2019-10-08 17:16:55'),
(1812, '125.120.211.61', 'pnaf1qg7s4k40ap6o4ielph8p7', 100005, '2019-10-08 17:33:26'),
(1813, '125.120.211.61', 'cbbtf7teqekb6jce0pcgimrog4', 100005, '2019-10-08 17:38:43'),
(1814, '125.120.211.61', '2230jl348nel637hfgk8co31l7', 100011, '2019-10-08 17:51:36'),
(1815, '125.120.211.61', 'br0e20oal7kgn4gdctuea9ahf3', 100005, '2019-10-08 18:04:43'),
(1816, '125.120.211.61', '47b4hi72t2kee33c10gmkco6c1', 100005, '2019-10-08 18:06:30'),
(1817, '125.120.211.61', 'h2a521rb11mu3nmukulopt0es0', 100005, '2019-10-08 18:30:34'),
(1818, '180.158.0.28', 'jvf32eeslui76atss7fl1hlr81', 100011, '2019-10-08 19:11:56'),
(1819, '222.87.165.142', '8jm67f9kv1kem5fc88s02k3514', 100011, '2019-10-08 23:41:30'),
(1820, '222.87.165.142', 'nl88aqp18dvplqbvvhegqan1v2', 100011, '2019-10-08 23:44:08'),
(1821, '222.87.165.142', '7k3n93m7j313341rae5suilca4', 100011, '2019-10-08 23:47:29'),
(1822, '222.87.165.142', '7k3n93m7j313341rae5suilca4', 100017, '2019-10-08 23:58:51'),
(1823, '222.87.165.142', 'in15kiedqpdahcsh88ho8i4qa0', 100018, '2019-10-09 00:01:48'),
(1824, '222.87.165.142', '0vv5l69hab5o78d9konvafuuf4', 100018, '2019-10-09 00:05:14'),
(1825, '180.158.0.28', 'uq7uflkd67af3pmb3eu5j9de44', 100011, '2019-10-09 08:37:47'),
(1826, '180.158.0.28', 'n1c7ac84524nkf9rn9fkiabi84', 100011, '2019-10-09 08:38:23'),
(1827, '115.204.230.88', 'st58l5d2iccjbt3mk7la43m6a0', 100005, '2019-10-09 09:21:29'),
(1828, '115.204.230.88', 'pdoa9eeb5c93n5np0jpsc7m9a2', 100005, '2019-10-09 09:23:39'),
(1829, '14.114.175.210', 'j3vomncv8jjmpcgsii3mncn905', 100019, '2019-10-09 12:02:20'),
(1830, '222.87.165.142', 'l7r13qei0oo2k1k7av8j5qs3p7', 100017, '2019-10-09 12:21:12'),
(1831, '222.87.165.142', 'ln99476u2gba4a1alj2ho4rgg4', 100017, '2019-10-09 12:53:03'),
(1832, '112.209.176.230', '0aqrtig6fo22pnu81nm0dbnld4', 100020, '2019-10-09 14:25:02'),
(1833, '116.17.144.173', 'nuvfdj31gub6e19jtqvqn2dts1', 100011, '2019-10-09 18:09:24'),
(1834, '36.98.67.81', '6gu97n8otr90c562ge3bu7b8g1', 100008, '2019-10-10 20:15:05'),
(1835, '27.189.120.109', 'bb6in331rr4tb8rddisddb16f7', 100005, '2019-10-11 22:03:28'),
(1836, '101.88.228.31', 'o1gqtvs08g3kpomj6eu008pjm3', 100005, '2019-10-11 22:04:48'),
(1837, '183.131.116.100', 'mmlkounfqmva11corvkgh89bm1', 100005, '2019-10-11 22:16:44'),
(1838, '27.189.120.109', '9odjh3i2ft9oau0vnp631cgu26', 100005, '2019-10-12 19:55:36'),
(1839, '27.189.120.109', '9odjh3i2ft9oau0vnp631cgu26', 100023, '2019-10-12 21:46:52'),
(1840, '27.189.120.109', '9odjh3i2ft9oau0vnp631cgu26', 100024, '2019-10-12 21:48:04'),
(1841, '27.189.120.109', '9odjh3i2ft9oau0vnp631cgu26', 100005, '2019-10-12 21:49:22'),
(1842, '27.189.120.109', '9odjh3i2ft9oau0vnp631cgu26', 100024, '2019-10-12 21:49:39'),
(1843, '180.89.106.54', '7nkglttqa6ac3fmld6errrjeb1', 100024, '2019-10-12 22:27:31'),
(1844, '27.189.120.109', '9odjh3i2ft9oau0vnp631cgu26', 100025, '2019-10-12 22:28:27'),
(1845, '180.89.106.54', '7nkglttqa6ac3fmld6errrjeb1', 100026, '2019-10-12 22:40:59'),
(1846, '27.189.123.19', 'de5nj1a67mkkgtjp6hpb6h8284', 100024, '2019-10-13 11:59:23'),
(1847, '180.89.106.54', 'm5edjehbmm8rpmhkrtbeg4vv42', 100024, '2019-10-13 12:39:46'),
(1848, '180.89.106.54', 'shb0a94kh94bm97ms26v4luqj0', 100024, '2019-10-13 12:40:03'),
(1849, '180.89.106.54', 'm5edjehbmm8rpmhkrtbeg4vv42', 100027, '2019-10-13 12:59:12'),
(1850, '180.89.106.54', 'shb0a94kh94bm97ms26v4luqj0', 100028, '2019-10-13 14:17:23'),
(1851, '140.207.23.225', 'i8u8h332ub6qnh60f37khiqc27', 100029, '2019-10-13 15:02:42'),
(1852, '180.89.106.54', 'uh4v9qe022p3v0r88tqsh7bg71', 100030, '2019-10-13 15:05:35'),
(1853, '180.89.106.54', 'uh4v9qe022p3v0r88tqsh7bg71', 100027, '2019-10-13 15:06:29'),
(1854, '223.104.101.177', 'j2uu1tuc805nlg0suka5kqv2u0', 100030, '2019-10-13 15:50:32'),
(1855, '124.78.252.2', '2shgq26q3mk5i99ogcq3ushq40', 100029, '2019-10-13 22:31:33'),
(1856, '27.189.123.19', '4od0ptlpnvs4eptl655umlgcb0', 100037, '2019-10-14 00:40:13'),
(1857, '183.208.221.106', 'lr67i00n041omrvrcp79mlmtp3', 100133, '2019-10-14 02:49:58'),
(1858, '114.85.166.30', '0vvqivlk6une7hcoeisj5dbf17', 100030, '2019-10-14 03:00:35'),
(1859, '111.196.237.27', 'rnku08bpki9s5s2qen7lk2gtm4', 100262, '2019-10-14 09:13:51'),
(1860, '101.86.62.185', 'b45f6b2o0rgtvil38pa4daiqj7', 100378, '2019-10-14 11:30:43'),
(1861, '124.160.215.105', '2utsmq76pkk7reeojeom3ijlr7', 100383, '2019-10-14 12:03:08'),
(1862, '124.160.215.105', '2utsmq76pkk7reeojeom3ijlr7', 100381, '2019-10-14 12:05:09'),
(1863, '223.104.247.59', 'b20a5ae3qkbqsc0otp2lp59sq4', 100388, '2019-10-14 13:15:14'),
(1864, '111.193.11.205', 'tukl5gbpend6cru3a9u8me7uk6', 100395, '2019-10-14 14:03:09'),
(1865, '183.192.141.244', 'evg1bqevoa45r43kn2odiq48i0', 100392, '2019-10-14 14:03:39'),
(1866, '183.197.130.128', 'd1s4f2ef7lihl7hagv2du60qg2', 100397, '2019-10-14 14:13:34'),
(1867, '27.189.123.19', '4od0ptlpnvs4eptl655umlgcb0', 100397, '2019-10-14 14:13:46'),
(1868, '112.65.61.238', '167h58obcos0891pokca19goh1', 100029, '2019-10-14 14:28:41'),
(1869, '223.104.102.194', 'd1s4f2ef7lihl7hagv2du60qg2', 100401, '2019-10-14 14:34:04'),
(1870, '27.189.123.19', '4od0ptlpnvs4eptl655umlgcb0', 100401, '2019-10-14 14:34:31'),
(1871, '124.78.252.2', 'v884eeh2k38qpe6jru11e06hr4', 100391, '2019-10-14 14:51:43'),
(1872, '124.78.252.2', 'l3r0kdk2j887ftbth9rmfjip11', 100391, '2019-10-14 14:55:40'),
(1873, '124.78.252.2', 'b7lsm8amf4jq39da7cdf71ogv3', 100029, '2019-10-14 15:07:44'),
(1874, '124.78.252.2', 'q1hcrmlk50k5hldf7bqnouimq2', 100029, '2019-10-14 15:11:11'),
(1875, '124.78.252.2', '47pe778oplp9mjeik6aa1kqoj3', 100029, '2019-10-14 15:33:47'),
(1876, '183.197.130.128', 'd1s4f2ef7lihl7hagv2du60qg2', 100411, '2019-10-14 15:35:45'),
(1877, '27.189.123.19', '4od0ptlpnvs4eptl655umlgcb0', 100411, '2019-10-14 15:36:35'),
(1878, '124.78.252.2', 'b2q7n7p9u23tfqlgrr0l39c096', 100029, '2019-10-14 16:16:24'),
(1879, '223.104.213.30', '191lo955qe35qlpg0v98vohsi0', 100415, '2019-10-14 16:53:14'),
(1880, '223.104.210.146', 'mvds3b54ppif0k7qiakq07fmr5', 100418, '2019-10-14 17:14:45'),
(1881, '124.78.252.2', 'orgf97pjfvhumu0rm988efdv23', 100029, '2019-10-14 17:46:29'),
(1882, '140.207.23.178', 's4o5l1d5sgg80sogi9kau17ui7', 100029, '2019-10-14 19:52:11'),
(1883, '140.207.23.178', '062flnhaef0rf6viscdko8kf52', 100029, '2019-10-14 19:58:00'),
(1884, '36.19.101.13', 'e9844true7tcrkqk1pe5qa82q4', 100425, '2019-10-14 21:02:27'),
(1885, '183.197.130.128', '77h0qqdc6i1ljjih4cjdbjkeg0', 100411, '2019-10-14 22:18:25'),
(1886, '124.78.252.2', 'o636c9rm50beqg8a9tg8clf891', 100029, '2019-10-14 22:36:39'),
(1887, '123.121.221.92', '4kle3n283tncn2iu62e2mu6ep1', 100428, '2019-10-14 22:54:58'),
(1888, '112.65.61.87', '625h52q8h9ainpknvhb87b5t65', 100029, '2019-10-14 23:11:24'),
(1889, '101.88.228.31', '2esspcd7sb1to2rk7n02thkv43', 100431, '2019-10-14 23:31:44'),
(1890, '183.197.130.128', '77h0qqdc6i1ljjih4cjdbjkeg0', 100397, '2019-10-15 00:30:42'),
(1891, '183.197.130.128', '77h0qqdc6i1ljjih4cjdbjkeg0', 100432, '2019-10-15 00:35:04'),
(1892, '101.88.228.31', '4uhs4tko6gnrlcfkn340f3c925', 100029, '2019-10-15 08:49:53'),
(1893, '124.78.252.2', 'h54ifm4e7gtiin9umq591oahk3', 100440, '2019-10-15 09:36:37'),
(1894, '124.78.252.2', 'ku82rucksdn70ssjj6l3klcsn2', 100029, '2019-10-15 09:49:16'),
(1895, '222.65.51.218', 'vpm1s7020cng7g7b72o18q7b67', 100446, '2019-10-15 10:56:47'),
(1896, '124.78.252.2', 'hoec8g8ki1f1mpqp6l9u9b2je0', 100451, '2019-10-15 13:06:09'),
(1897, '124.78.252.2', 'hoec8g8ki1f1mpqp6l9u9b2je0', 100029, '2019-10-15 13:07:49'),
(1898, '124.78.252.2', 'emhfn7nleg5uil4m12r4m6dma3', 100029, '2019-10-15 14:07:37'),
(1899, '124.78.252.2', 'uoa8piuv2d16liqaug0p521ti7', 100458, '2019-10-15 18:09:35'),
(1900, '117.136.46.46', 'c6erhodn4hdo31jdc5ikhkomr5', 100464, '2019-10-15 20:05:52'),
(1901, '223.104.211.176', '4tudqt9it1mabgtomq3hrpvg33', 100466, '2019-10-15 20:24:32'),
(1902, '101.87.77.84', 'oild44kv9d67pdcj88b0e2m6l4', 100468, '2019-10-15 21:07:54'),
(1903, '124.64.16.63', 'psfa749m5vsvjh57q6g79b31t0', 100472, '2019-10-15 22:33:01'),
(1904, '183.197.130.128', '1sake94gs5bdc77fmpitao8h22', 100432, '2019-10-15 22:40:59'),
(1905, '36.98.76.189', '4od0ptlpnvs4eptl655umlgcb0', 100037, '2019-10-15 22:47:53'),
(1906, '183.197.130.128', '5rd5f7apdf5pd34mshfhm1esv2', 100432, '2019-10-15 22:54:46'),
(1907, '36.98.76.189', '6q44sdfllqu3h56qts3pqbou70', 100479, '2019-10-15 23:02:21'),
(1908, '221.192.179.233', '1mmt36d1efmpp2g449mmei6uq5', 100432, '2019-10-15 23:02:38'),
(1909, '124.78.252.2', '92a3jcutlr1q0lm9ou9nq2ikb6', 100029, '2019-10-15 23:08:17'),
(1910, '61.172.218.34', '5emftgjtqaejs3p2hbc3tqpud2', 100483, '2019-10-16 04:09:45'),
(1911, '180.107.60.242', 'rk194dsciuikck1c4noqru67e4', 100484, '2019-10-16 04:14:17'),
(1912, '101.88.228.31', '61irej8jpki5as0dpn4r98k8i3', 100029, '2019-10-16 08:55:45'),
(1913, '121.238.153.140', 'pg4l8itirs30357cuhmbmv9vv7', 100486, '2019-10-16 09:32:11'),
(1914, '112.64.119.227', 'ci1p3dtb4hbq7r09m4045tad36', 100487, '2019-10-16 10:01:38'),
(1915, '124.78.252.2', 'sqijuigk2s1r8oa68pjefa9b05', 100029, '2019-10-16 10:05:10'),
(1916, '114.244.222.132', 'darr6nsceinlh420sqf2dhb1o4', 100489, '2019-10-16 10:20:55'),
(1917, '118.135.49.197', 'cs7jt7aqmfth2uvlf7j6sqs2j0', 100491, '2019-10-16 10:33:43'),
(1918, '220.169.232.58', '87ldakgbm1dn2fet4s8p4ev8d2', 100493, '2019-10-16 10:46:14'),
(1919, '123.146.190.156', 'ghiokvpt7hpome1dg67vuurqk1', 100496, '2019-10-16 11:43:23'),
(1920, '39.186.18.45', 'ppc9m9hupjuqfkqpa2lfs4hhm5', 100497, '2019-10-16 11:57:09'),
(1921, '116.238.157.59', 'ou638f13gpbnsohvfks7qn8gi6', 100499, '2019-10-16 13:34:32'),
(1922, '223.104.210.13', 'v6avt6nevr2pe4tv5aqo5high3', 100500, '2019-10-16 15:16:23'),
(1923, '36.19.124.22', 'v3gbkitasmqaesc70k2vnso210', 100502, '2019-10-16 17:01:34'),
(1924, '222.181.200.231', 'mhit94koj39g2cb5ulf798pra2', 100504, '2019-10-16 17:50:21'),
(1925, '112.64.68.205', 'kjmfdr3k486qlkoksiigkn09u1', 100029, '2019-10-16 17:50:49'),
(1926, '123.118.155.178', 'teofmerstrfvmekmqb3t1krmj1', 100511, '2019-10-16 21:13:37'),
(1927, '222.66.115.237', '9gib01v7591rpegd7ottbm0n20', 100514, '2019-10-16 23:10:59'),
(1928, '222.66.115.237', '9gib01v7591rpegd7ottbm0n20', 100516, '2019-10-16 23:54:11'),
(1929, '106.121.152.127', '76m002rumvuu13iqkvvir60m46', 100518, '2019-10-17 02:00:28'),
(1930, '222.181.200.231', '200el0vol0a6ipm9gnvj8e5aq1', 100005, '2019-10-17 15:47:01'),
(1931, '222.181.200.231', 'ap41e50pggu4eu2n61jea1pge0', 100009, '2019-10-17 16:07:42'),
(1932, '222.181.200.231', 'qdjl2segv1d1c494o9pq2embb1', 100009, '2019-10-17 17:04:21'),
(1933, '218.70.202.201', 'iqb29in51fqkh6bqsbboicteu6', 100009, '2019-10-17 18:59:40');

--
-- Indexes for dumped tables
--

--
-- Indexes for table `admin`
--
ALTER TABLE `admin`
  ADD PRIMARY KEY (`id`) USING BTREE,
  ADD UNIQUE KEY `username` (`username`) USING BTREE;

--
-- Indexes for table `amount`
--
ALTER TABLE `amount`
  ADD PRIMARY KEY (`id`) USING BTREE;

--
-- Indexes for table `friend`
--
ALTER TABLE `friend`
  ADD PRIMARY KEY (`fid`) USING BTREE,
  ADD UNIQUE KEY `key` (`uid`,`friend_uid`) USING BTREE;

--
-- Indexes for table `groups`
--
ALTER TABLE `groups`
  ADD PRIMARY KEY (`gid`) USING BTREE,
  ADD KEY `uid` (`uid`) USING BTREE;

--
-- Indexes for table `group_member`
--
ALTER TABLE `group_member`
  ADD PRIMARY KEY (`id`) USING BTREE,
  ADD UNIQUE KEY `gid-uid` (`gid`,`uid`) USING BTREE,
  ADD KEY `uid-state` (`uid`,`state`) USING BTREE,
  ADD KEY `gid-state` (`gid`,`state`) USING BTREE;

--
-- Indexes for table `ls`
--
ALTER TABLE `ls`
  ADD PRIMARY KEY (`id`) USING BTREE;

--
-- Indexes for table `message`
--
ALTER TABLE `message`
  ADD PRIMARY KEY (`mid`) USING BTREE,
  ADD KEY `timestamp` (`timestamp`) USING BTREE,
  ADD KEY `from-type-subtype` (`from`,`type`,`sub_type`) USING BTREE,
  ADD KEY `to-type-subtype` (`to`,`type`,`sub_type`) USING BTREE;

--
-- Indexes for table `notice`
--
ALTER TABLE `notice`
  ADD PRIMARY KEY (`nid`) USING BTREE,
  ADD UNIQUE KEY `to-from-type` (`to`,`from`,`type`) USING BTREE,
  ADD KEY `to-operation` (`to`,`operation`) USING BTREE;

--
-- Indexes for table `setting`
--
ALTER TABLE `setting`
  ADD PRIMARY KEY (`id`) USING BTREE;

--
-- Indexes for table `user`
--
ALTER TABLE `user`
  ADD PRIMARY KEY (`uid`) USING BTREE,
  ADD UNIQUE KEY `username` (`username`) USING BTREE;

--
-- Indexes for table `user_session`
--
ALTER TABLE `user_session`
  ADD PRIMARY KEY (`id`) USING BTREE;

--
-- 在导出的表使用AUTO_INCREMENT
--

--
-- 使用表AUTO_INCREMENT `admin`
--
ALTER TABLE `admin`
  MODIFY `id` int(11) NOT NULL AUTO_INCREMENT, AUTO_INCREMENT=4;

--
-- 使用表AUTO_INCREMENT `amount`
--
ALTER TABLE `amount`
  MODIFY `id` int(11) NOT NULL AUTO_INCREMENT, AUTO_INCREMENT=12974;

--
-- 使用表AUTO_INCREMENT `friend`
--
ALTER TABLE `friend`
  MODIFY `fid` int(11) NOT NULL AUTO_INCREMENT, AUTO_INCREMENT=279;

--
-- 使用表AUTO_INCREMENT `groups`
--
ALTER TABLE `groups`
  MODIFY `gid` int(11) NOT NULL AUTO_INCREMENT, AUTO_INCREMENT=35;

--
-- 使用表AUTO_INCREMENT `group_member`
--
ALTER TABLE `group_member`
  MODIFY `id` int(11) NOT NULL AUTO_INCREMENT, AUTO_INCREMENT=122;

--
-- 使用表AUTO_INCREMENT `ls`
--
ALTER TABLE `ls`
  MODIFY `id` int(10) UNSIGNED NOT NULL AUTO_INCREMENT, AUTO_INCREMENT=2;

--
-- 使用表AUTO_INCREMENT `message`
--
ALTER TABLE `message`
  MODIFY `mid` int(10) UNSIGNED NOT NULL AUTO_INCREMENT COMMENT '消息id', AUTO_INCREMENT=2566;

--
-- 使用表AUTO_INCREMENT `notice`
--
ALTER TABLE `notice`
  MODIFY `nid` int(11) NOT NULL AUTO_INCREMENT, AUTO_INCREMENT=178;

--
-- 使用表AUTO_INCREMENT `setting`
--
ALTER TABLE `setting`
  MODIFY `id` int(11) NOT NULL AUTO_INCREMENT, AUTO_INCREMENT=4;

--
-- 使用表AUTO_INCREMENT `user`
--
ALTER TABLE `user`
  MODIFY `uid` int(11) NOT NULL AUTO_INCREMENT, AUTO_INCREMENT=100522;

--
-- 使用表AUTO_INCREMENT `user_session`
--
ALTER TABLE `user_session`
  MODIFY `id` int(10) UNSIGNED NOT NULL AUTO_INCREMENT, AUTO_INCREMENT=1934;
COMMIT;


